{
	"display": {
		"icon": {
			"item": "minecraft:player_head",
			"nbt": "{SkullOwner:{Id:[I;0,0,0,0],Properties:{textures:[{Value:'eyJ0ZXh0dXJlcyI6eyJTS0lOIjp7InVybCI6Imh0dHA6Ly90ZXh0dXJlcy5taW5lY3JhZnQubmV0L3RleHR1cmUvNmQwZjQwNjFiZmI3NjdhN2Y5MjJhNmNhNzE3NmY3YTliMjA3MDliZDA1MTI2OTZiZWIxNWVhNmZhOThjYTU1YyJ9fX0='}]}}}"
		},
		"title": "Chat Commands",
		"description": ["",{"text":"Opens a chat menu listing all available clickable commands do\n","color":"gold"},{"text":"/trigger cmd_commands","color":"yellow"},{"text":" to open it.","color":"gold"}],
		"show_toast": false,
		"announce_to_chat": false
	},
    "parent": "nutil:nomad_utils",
	"criteria": {
		"tick": {
			"trigger": "minecraft:tick"
		}
	}
}
