{
	"display": {
		"icon": {
			"item": "minecraft:player_head",
			"nbt": "{SkullOwner:{Id:[I;0,0,0,0],Properties:{textures:[{Value:'eyJ0ZXh0dXJlcyI6eyJTS0lOIjp7InVybCI6Imh0dHA6Ly90ZXh0dXJlcy5taW5lY3JhZnQubmV0L3RleHR1cmUvNWYxMzc5YTgyMjkwZDdhYmUxZWZhYWJiYzcwNzEwZmYyZWMwMmRkMzRhZGUzODZiYzAwYzkzMGM0NjFjZjkzMiJ9fX0='}]}}}"
		},
		"title": "Wandering Trades         ",
		"description": ["",
			{"text":"Adds new mini block and custom decorative to the wandering trader.","color":"gold"}
		],
		"show_toast": false,
		"announce_to_chat": false
	},
    "parent": "nutil:nomad_utils/dragon_drops",
	"criteria": {
		"tick": {
			"trigger": "minecraft:tick"
		}
	}
}
