{
	"credit": "Made with Blockbench",
	"texture_size": [64, 64],
	"textures": {
		"0": "custom/horns/horns",
		"particle": "custom/horns/horns"
	},
	"elements": [
		{
			"name": "voxel",
			"from": [10.8, 9.2, 14.4],
			"to": [11.2, 9.6, 14.8],
			"faces": {
				"north": {"uv": [7.75, 0.25, 7.875, 0.375], "texture": "#0"},
				"east": {"uv": [0.5, 7.75, 0.625, 7.875], "texture": "#0"},
				"south": {"uv": [7.75, 0.5, 7.875, 0.625], "texture": "#0"},
				"west": {"uv": [0.75, 7.75, 0.875, 7.875], "texture": "#0"},
				"up": {"uv": [7.875, 0.875, 7.75, 0.75], "texture": "#0"},
				"down": {"uv": [1.125, 7.75, 1, 7.875], "texture": "#0"}
			}
		},
		{
			"name": "voxel",
			"from": [10.4, 8.4, 14.4],
			"to": [11.2, 9.2, 14.8],
			"faces": {
				"north": {"uv": [0.75, 1.25, 0.9375, 1.4375], "texture": "#0"},
				"east": {"uv": [6.75, 4.25, 6.875, 4.4375], "texture": "#0"},
				"south": {"uv": [2, 1.25, 2.1875, 1.4375], "texture": "#0"},
				"west": {"uv": [4.5, 6.75, 4.625, 6.9375], "texture": "#0"},
				"up": {"uv": [6.9375, 4.625, 6.75, 4.5], "texture": "#0"},
				"down": {"uv": [4.9375, 6.75, 4.75, 6.875], "texture": "#0"}
			}
		},
		{
			"name": "voxel",
			"from": [10.4, 8, 14.8],
			"to": [10.8, 9.2, 15.2],
			"faces": {
				"north": {"uv": [5.25, 1.75, 5.375, 2.0625], "texture": "#0"},
				"east": {"uv": [2, 5.25, 2.125, 5.5625], "texture": "#0"},
				"south": {"uv": [2.75, 5.25, 2.875, 5.5625], "texture": "#0"},
				"west": {"uv": [5.25, 2.75, 5.375, 3.0625], "texture": "#0"},
				"up": {"uv": [7.875, 1.125, 7.75, 1], "texture": "#0"},
				"down": {"uv": [1.375, 7.75, 1.25, 7.875], "texture": "#0"}
			}
		},
		{
			"name": "voxel",
			"from": [10.8, 7.2, 14.8],
			"to": [11.2, 9.2, 15.2],
			"faces": {
				"north": {"uv": [3, 3.5, 3.125, 4], "texture": "#0"},
				"east": {"uv": [3.5, 3.5, 3.625, 4], "texture": "#0"},
				"south": {"uv": [3.75, 0, 3.875, 0.5], "texture": "#0"},
				"west": {"uv": [3.75, 0.5, 3.875, 1], "texture": "#0"},
				"up": {"uv": [7.875, 1.375, 7.75, 1.25], "texture": "#0"},
				"down": {"uv": [1.625, 7.75, 1.5, 7.875], "texture": "#0"}
			}
		},
		{
			"name": "voxel",
			"from": [10.8, 6.4, 15.2],
			"to": [11.2, 8, 15.6],
			"faces": {
				"north": {"uv": [1.5, 5, 1.625, 5.375], "texture": "#0"},
				"east": {"uv": [1.75, 5, 1.875, 5.375], "texture": "#0"},
				"south": {"uv": [2.25, 5, 2.375, 5.375], "texture": "#0"},
				"west": {"uv": [2.5, 5, 2.625, 5.375], "texture": "#0"},
				"up": {"uv": [7.875, 1.625, 7.75, 1.5], "texture": "#0"},
				"down": {"uv": [1.875, 7.75, 1.75, 7.875], "texture": "#0"}
			}
		},
		{
			"name": "voxel",
			"from": [11.2, 6, 15.2],
			"to": [11.6, 7.2, 15.6],
			"faces": {
				"north": {"uv": [3, 5.25, 3.125, 5.5625], "texture": "#0"},
				"east": {"uv": [5.25, 3.25, 5.375, 3.5625], "texture": "#0"},
				"south": {"uv": [3.5, 5.25, 3.625, 5.5625], "texture": "#0"},
				"west": {"uv": [3.75, 5.25, 3.875, 5.5625], "texture": "#0"},
				"up": {"uv": [7.875, 1.875, 7.75, 1.75], "texture": "#0"},
				"down": {"uv": [2.125, 7.75, 2, 7.875], "texture": "#0"}
			}
		},
		{
			"name": "voxel",
			"from": [11.2, 4.4, 15.6],
			"to": [11.6, 6.8, 16],
			"faces": {
				"north": {"uv": [2, 3, 2.125, 3.625], "texture": "#0"},
				"east": {"uv": [2.25, 3, 2.375, 3.625], "texture": "#0"},
				"south": {"uv": [2.5, 3, 2.625, 3.625], "texture": "#0"},
				"west": {"uv": [2.75, 3, 2.875, 3.625], "texture": "#0"},
				"up": {"uv": [7.875, 2.125, 7.75, 2], "texture": "#0"},
				"down": {"uv": [2.375, 7.75, 2.25, 7.875], "texture": "#0"}
			}
		},
		{
			"name": "voxel",
			"from": [11.6, 4, 15.6],
			"to": [12, 6, 16],
			"faces": {
				"north": {"uv": [1, 3.75, 1.125, 4.25], "texture": "#0"},
				"east": {"uv": [1.25, 3.75, 1.375, 4.25], "texture": "#0"},
				"south": {"uv": [3.75, 1.25, 3.875, 1.75], "texture": "#0"},
				"west": {"uv": [2, 3.75, 2.125, 4.25], "texture": "#0"},
				"up": {"uv": [7.875, 2.375, 7.75, 2.25], "texture": "#0"},
				"down": {"uv": [2.625, 7.75, 2.5, 7.875], "texture": "#0"}
			}
		},
		{
			"name": "voxel",
			"from": [11.2, 3.6, 15.2],
			"to": [12, 6, 15.6],
			"faces": {
				"north": {"uv": [1, 0.75, 1.1875, 1.375], "texture": "#0"},
				"east": {"uv": [3, 2.75, 3.125, 3.375], "texture": "#0"},
				"south": {"uv": [0, 1.25, 0.1875, 1.875], "texture": "#0"},
				"west": {"uv": [0, 3.25, 0.125, 3.875], "texture": "#0"},
				"up": {"uv": [6.9375, 4.875, 6.75, 4.75], "texture": "#0"},
				"down": {"uv": [5.1875, 6.75, 5, 6.875], "texture": "#0"}
			}
		},
		{
			"name": "voxel",
			"from": [11.2, 3.2, 14.8],
			"to": [12, 4.4, 15.2],
			"faces": {
				"north": {"uv": [3.5, 4.25, 3.6875, 4.5625], "texture": "#0"},
				"east": {"uv": [5.25, 4, 5.375, 4.3125], "texture": "#0"},
				"south": {"uv": [3.75, 4.25, 3.9375, 4.5625], "texture": "#0"},
				"west": {"uv": [4.25, 5.25, 4.375, 5.5625], "texture": "#0"},
				"up": {"uv": [6.9375, 5.125, 6.75, 5], "texture": "#0"},
				"down": {"uv": [5.4375, 6.75, 5.25, 6.875], "texture": "#0"}
			}
		},
		{
			"name": "voxel",
			"from": [11.6, 3.2, 14],
			"to": [12, 3.6, 14.4],
			"faces": {
				"north": {"uv": [7.75, 2.5, 7.875, 2.625], "texture": "#0"},
				"east": {"uv": [2.75, 7.75, 2.875, 7.875], "texture": "#0"},
				"south": {"uv": [7.75, 2.75, 7.875, 2.875], "texture": "#0"},
				"west": {"uv": [3, 7.75, 3.125, 7.875], "texture": "#0"},
				"up": {"uv": [7.875, 3.125, 7.75, 3], "texture": "#0"},
				"down": {"uv": [3.375, 7.75, 3.25, 7.875], "texture": "#0"}
			}
		},
		{
			"name": "voxel",
			"from": [11.2, 2.8, 14.4],
			"to": [12, 4, 14.8],
			"faces": {
				"north": {"uv": [4, 4.25, 4.1875, 4.5625], "texture": "#0"},
				"east": {"uv": [4.5, 5.25, 4.625, 5.5625], "texture": "#0"},
				"south": {"uv": [4.25, 4.25, 4.4375, 4.5625], "texture": "#0"},
				"west": {"uv": [4.75, 5.25, 4.875, 5.5625], "texture": "#0"},
				"up": {"uv": [6.9375, 5.375, 6.75, 5.25], "texture": "#0"},
				"down": {"uv": [5.6875, 6.75, 5.5, 6.875], "texture": "#0"}
			}
		},
		{
			"name": "voxel",
			"from": [11.2, 2.8, 13.2],
			"to": [11.6, 3.2, 14],
			"faces": {
				"north": {"uv": [7.75, 3.25, 7.875, 3.375], "texture": "#0"},
				"east": {"uv": [6.75, 5.5, 6.9375, 5.625], "texture": "#0"},
				"south": {"uv": [3.5, 7.75, 3.625, 7.875], "texture": "#0"},
				"west": {"uv": [5.75, 6.75, 5.9375, 6.875], "texture": "#0"},
				"up": {"uv": [6.875, 5.9375, 6.75, 5.75], "texture": "#0"},
				"down": {"uv": [6.125, 6.75, 6, 6.9375], "texture": "#0"}
			}
		},
		{
			"name": "voxel",
			"from": [10.8, 2.4, 13.6],
			"to": [11.2, 2.8, 14],
			"faces": {
				"north": {"uv": [7.75, 3.5, 7.875, 3.625], "texture": "#0"},
				"east": {"uv": [3.75, 7.75, 3.875, 7.875], "texture": "#0"},
				"south": {"uv": [7.75, 3.75, 7.875, 3.875], "texture": "#0"},
				"west": {"uv": [4, 7.75, 4.125, 7.875], "texture": "#0"},
				"up": {"uv": [7.875, 4.125, 7.75, 4], "texture": "#0"},
				"down": {"uv": [4.375, 7.75, 4.25, 7.875], "texture": "#0"}
			}
		},
		{
			"name": "voxel",
			"from": [11.2, 2.4, 14],
			"to": [11.6, 3.6, 14.4],
			"faces": {
				"north": {"uv": [5.25, 4.75, 5.375, 5.0625], "texture": "#0"},
				"east": {"uv": [5, 5.25, 5.125, 5.5625], "texture": "#0"},
				"south": {"uv": [5.25, 5.25, 5.375, 5.5625], "texture": "#0"},
				"west": {"uv": [0, 5.5, 0.125, 5.8125], "texture": "#0"},
				"up": {"uv": [7.875, 4.375, 7.75, 4.25], "texture": "#0"},
				"down": {"uv": [4.625, 7.75, 4.5, 7.875], "texture": "#0"}
			}
		},
		{
			"name": "voxel",
			"from": [11.6, 2.4, 13.2],
			"to": [12, 3.2, 14.4],
			"faces": {
				"north": {"uv": [6.75, 6, 6.875, 6.1875], "texture": "#0"},
				"east": {"uv": [4.25, 3, 4.5625, 3.1875], "texture": "#0"},
				"south": {"uv": [6.25, 6.75, 6.375, 6.9375], "texture": "#0"},
				"west": {"uv": [0, 4.5, 0.3125, 4.6875], "texture": "#0"},
				"up": {"uv": [0.375, 5.8125, 0.25, 5.5], "texture": "#0"},
				"down": {"uv": [0.625, 5.5, 0.5, 5.8125], "texture": "#0"}
			}
		},
		{
			"name": "voxel",
			"from": [10.8, 2, 13.2],
			"to": [11.2, 2.8, 13.6],
			"faces": {
				"north": {"uv": [6.75, 6.25, 6.875, 6.4375], "texture": "#0"},
				"east": {"uv": [6.5, 6.75, 6.625, 6.9375], "texture": "#0"},
				"south": {"uv": [6.75, 6.5, 6.875, 6.6875], "texture": "#0"},
				"west": {"uv": [6.75, 6.75, 6.875, 6.9375], "texture": "#0"},
				"up": {"uv": [7.875, 4.625, 7.75, 4.5], "texture": "#0"},
				"down": {"uv": [4.875, 7.75, 4.75, 7.875], "texture": "#0"}
			}
		},
		{
			"name": "voxel",
			"from": [11.2, 1.6, 12.4],
			"to": [11.6, 2, 12.8],
			"faces": {
				"north": {"uv": [7.75, 4.75, 7.875, 4.875], "texture": "#0"},
				"east": {"uv": [5, 7.75, 5.125, 7.875], "texture": "#0"},
				"south": {"uv": [7.75, 5, 7.875, 5.125], "texture": "#0"},
				"west": {"uv": [5.25, 7.75, 5.375, 7.875], "texture": "#0"},
				"up": {"uv": [7.875, 5.375, 7.75, 5.25], "texture": "#0"},
				"down": {"uv": [5.625, 7.75, 5.5, 7.875], "texture": "#0"}
			}
		},
		{
			"name": "voxel",
			"from": [11.2, 1.6, 12],
			"to": [11.6, 2.4, 12.4],
			"faces": {
				"north": {"uv": [0, 7, 0.125, 7.1875], "texture": "#0"},
				"east": {"uv": [7, 0, 7.125, 0.1875], "texture": "#0"},
				"south": {"uv": [0.25, 7, 0.375, 7.1875], "texture": "#0"},
				"west": {"uv": [7, 0.25, 7.125, 0.4375], "texture": "#0"},
				"up": {"uv": [7.875, 5.625, 7.75, 5.5], "texture": "#0"},
				"down": {"uv": [5.875, 7.75, 5.75, 7.875], "texture": "#0"}
			}
		},
		{
			"name": "voxel",
			"from": [10.8, 2.4, 12],
			"to": [11.2, 2.8, 12.4],
			"faces": {
				"north": {"uv": [7.75, 5.75, 7.875, 5.875], "texture": "#0"},
				"east": {"uv": [6, 7.75, 6.125, 7.875], "texture": "#0"},
				"south": {"uv": [7.75, 6, 7.875, 6.125], "texture": "#0"},
				"west": {"uv": [6.25, 7.75, 6.375, 7.875], "texture": "#0"},
				"up": {"uv": [7.875, 6.375, 7.75, 6.25], "texture": "#0"},
				"down": {"uv": [6.625, 7.75, 6.5, 7.875], "texture": "#0"}
			}
		},
		{
			"name": "voxel",
			"from": [10.8, 2.4, 12.4],
			"to": [11.6, 2.8, 12.8],
			"faces": {
				"north": {"uv": [0.5, 7, 0.6875, 7.125], "texture": "#0"},
				"east": {"uv": [7.75, 6.5, 7.875, 6.625], "texture": "#0"},
				"south": {"uv": [7, 0.5, 7.1875, 0.625], "texture": "#0"},
				"west": {"uv": [6.75, 7.75, 6.875, 7.875], "texture": "#0"},
				"up": {"uv": [0.9375, 7.125, 0.75, 7], "texture": "#0"},
				"down": {"uv": [7.1875, 0.75, 7, 0.875], "texture": "#0"}
			}
		},
		{
			"name": "voxel",
			"from": [11.2, 2, 12.8],
			"to": [11.6, 2.8, 14],
			"faces": {
				"north": {"uv": [1, 7, 1.125, 7.1875], "texture": "#0"},
				"east": {"uv": [0.5, 4.5, 0.8125, 4.6875], "texture": "#0"},
				"south": {"uv": [7, 1, 7.125, 1.1875], "texture": "#0"},
				"west": {"uv": [4.5, 0.5, 4.8125, 0.6875], "texture": "#0"},
				"up": {"uv": [0.875, 5.8125, 0.75, 5.5], "texture": "#0"},
				"down": {"uv": [1.125, 5.5, 1, 5.8125], "texture": "#0"}
			}
		},
		{
			"name": "voxel",
			"from": [10.8, 1.6, 12.8],
			"to": [11.2, 2.8, 13.2],
			"faces": {
				"north": {"uv": [1.25, 5.5, 1.375, 5.8125], "texture": "#0"},
				"east": {"uv": [1.5, 5.5, 1.625, 5.8125], "texture": "#0"},
				"south": {"uv": [1.75, 5.5, 1.875, 5.8125], "texture": "#0"},
				"west": {"uv": [5.5, 1.75, 5.625, 2.0625], "texture": "#0"},
				"up": {"uv": [7.875, 6.875, 7.75, 6.75], "texture": "#0"},
				"down": {"uv": [7.125, 7.75, 7, 7.875], "texture": "#0"}
			}
		},
		{
			"name": "voxel",
			"from": [10.4, 2, 12.4],
			"to": [11.6, 2.4, 12.8],
			"faces": {
				"north": {"uv": [5.25, 2.25, 5.5625, 2.375], "texture": "#0"},
				"east": {"uv": [7.75, 7, 7.875, 7.125], "texture": "#0"},
				"south": {"uv": [5.5, 0.5, 5.8125, 0.625], "texture": "#0"},
				"west": {"uv": [7.25, 7.75, 7.375, 7.875], "texture": "#0"},
				"up": {"uv": [2.5625, 5.625, 2.25, 5.5], "texture": "#0"},
				"down": {"uv": [5.8125, 2.5, 5.5, 2.625], "texture": "#0"}
			}
		},
		{
			"name": "voxel",
			"from": [10, 1.6, 12],
			"to": [10.4, 2, 12.4],
			"faces": {
				"north": {"uv": [7.75, 7.25, 7.875, 7.375], "texture": "#0"},
				"east": {"uv": [7.5, 7.75, 7.625, 7.875], "texture": "#0"},
				"south": {"uv": [7.75, 7.5, 7.875, 7.625], "texture": "#0"},
				"west": {"uv": [7.75, 7.75, 7.875, 7.875], "texture": "#0"},
				"up": {"uv": [0.125, 8.125, 0, 8], "texture": "#0"},
				"down": {"uv": [8.125, 0, 8, 0.125], "texture": "#0"}
			}
		},
		{
			"name": "voxel",
			"from": [10, 2, 11.2],
			"to": [11.2, 2.4, 12.4],
			"faces": {
				"north": {"uv": [5.5, 2.75, 5.8125, 2.875], "texture": "#0"},
				"east": {"uv": [5.5, 3, 5.8125, 3.125], "texture": "#0"},
				"south": {"uv": [5.5, 3.25, 5.8125, 3.375], "texture": "#0"},
				"west": {"uv": [5.5, 3.5, 5.8125, 3.625], "texture": "#0"},
				"up": {"uv": [0.8125, 2.5625, 0.5, 2.25], "texture": "#0"},
				"down": {"uv": [1.5625, 2.25, 1.25, 2.5625], "texture": "#0"}
			}
		},
		{
			"name": "voxel",
			"from": [10.4, 1.2, 11.6],
			"to": [10.8, 1.6, 12],
			"faces": {
				"north": {"uv": [0.25, 8, 0.375, 8.125], "texture": "#0"},
				"east": {"uv": [8, 0.25, 8.125, 0.375], "texture": "#0"},
				"south": {"uv": [0.5, 8, 0.625, 8.125], "texture": "#0"},
				"west": {"uv": [8, 0.5, 8.125, 0.625], "texture": "#0"},
				"up": {"uv": [0.875, 8.125, 0.75, 8], "texture": "#0"},
				"down": {"uv": [8.125, 0.75, 8, 0.875], "texture": "#0"}
			}
		},
		{
			"name": "voxel",
			"from": [10.4, 1.6, 10.8],
			"to": [11.2, 2, 12.8],
			"faces": {
				"north": {"uv": [1.25, 7, 1.4375, 7.125], "texture": "#0"},
				"east": {"uv": [3.75, 1.75, 4.25, 1.875], "texture": "#0"},
				"south": {"uv": [7, 1.25, 7.1875, 1.375], "texture": "#0"},
				"west": {"uv": [2.25, 3.75, 2.75, 3.875], "texture": "#0"},
				"up": {"uv": [2.9375, 1.5, 2.75, 1], "texture": "#0"},
				"down": {"uv": [1.6875, 2.75, 1.5, 3.25], "texture": "#0"}
			}
		},
		{
			"name": "voxel",
			"from": [10, 1.6, 10.4],
			"to": [10.8, 2, 10.8],
			"faces": {
				"north": {"uv": [1.5, 7, 1.6875, 7.125], "texture": "#0"},
				"east": {"uv": [1, 8, 1.125, 8.125], "texture": "#0"},
				"south": {"uv": [7, 1.5, 7.1875, 1.625], "texture": "#0"},
				"west": {"uv": [8, 1, 8.125, 1.125], "texture": "#0"},
				"up": {"uv": [1.9375, 7.125, 1.75, 7], "texture": "#0"},
				"down": {"uv": [7.1875, 1.75, 7, 1.875], "texture": "#0"}
			}
		},
		{
			"name": "voxel",
			"from": [10, 1.2, 10.8],
			"to": [10.4, 2, 12],
			"faces": {
				"north": {"uv": [2, 7, 2.125, 7.1875], "texture": "#0"},
				"east": {"uv": [4.5, 0.75, 4.8125, 0.9375], "texture": "#0"},
				"south": {"uv": [7, 2, 7.125, 2.1875], "texture": "#0"},
				"west": {"uv": [1, 4.5, 1.3125, 4.6875], "texture": "#0"},
				"up": {"uv": [3.375, 5.8125, 3.25, 5.5], "texture": "#0"},
				"down": {"uv": [5.625, 3.75, 5.5, 4.0625], "texture": "#0"}
			}
		},
		{
			"name": "voxel",
			"from": [10, 0.8, 11.2],
			"to": [10.8, 1.2, 11.6],
			"faces": {
				"north": {"uv": [2.25, 7, 2.4375, 7.125], "texture": "#0"},
				"east": {"uv": [1.25, 8, 1.375, 8.125], "texture": "#0"},
				"south": {"uv": [7, 2.25, 7.1875, 2.375], "texture": "#0"},
				"west": {"uv": [8, 1.25, 8.125, 1.375], "texture": "#0"},
				"up": {"uv": [2.6875, 7.125, 2.5, 7], "texture": "#0"},
				"down": {"uv": [7.1875, 2.5, 7, 2.625], "texture": "#0"}
			}
		},
		{
			"name": "voxel",
			"from": [10, 0.8, 10.8],
			"to": [11.2, 1.2, 11.2],
			"faces": {
				"north": {"uv": [5.5, 4.25, 5.8125, 4.375], "texture": "#0"},
				"east": {"uv": [1.5, 8, 1.625, 8.125], "texture": "#0"},
				"south": {"uv": [5.5, 4.5, 5.8125, 4.625], "texture": "#0"},
				"west": {"uv": [8, 1.5, 8.125, 1.625], "texture": "#0"},
				"up": {"uv": [5.8125, 4.875, 5.5, 4.75], "texture": "#0"},
				"down": {"uv": [5.8125, 5, 5.5, 5.125], "texture": "#0"}
			}
		},
		{
			"name": "voxel",
			"from": [10.4, 1.2, 10],
			"to": [11.2, 1.6, 11.6],
			"faces": {
				"north": {"uv": [2.75, 7, 2.9375, 7.125], "texture": "#0"},
				"east": {"uv": [5, 2.5, 5.375, 2.625], "texture": "#0"},
				"south": {"uv": [7, 2.75, 7.1875, 2.875], "texture": "#0"},
				"west": {"uv": [2.75, 5, 3.125, 5.125], "texture": "#0"},
				"up": {"uv": [3.6875, 0.375, 3.5, 0], "texture": "#0"},
				"down": {"uv": [3.6875, 0.5, 3.5, 0.875], "texture": "#0"}
			}
		},
		{
			"name": "voxel",
			"from": [10, 0.4, 10],
			"to": [10.4, 1.6, 10.8],
			"faces": {
				"north": {"uv": [4, 5.5, 4.125, 5.8125], "texture": "#0"},
				"east": {"uv": [4.5, 1, 4.6875, 1.3125], "texture": "#0"},
				"south": {"uv": [5.5, 5.25, 5.625, 5.5625], "texture": "#0"},
				"west": {"uv": [1.5, 4.5, 1.6875, 4.8125], "texture": "#0"},
				"up": {"uv": [3.125, 7.1875, 3, 7], "texture": "#0"},
				"down": {"uv": [7.125, 3, 7, 3.1875], "texture": "#0"}
			}
		},
		{
			"name": "voxel",
			"from": [10.8, 0.4, 9.2],
			"to": [11.2, 1.2, 10.8],
			"faces": {
				"north": {"uv": [3.25, 7, 3.375, 7.1875], "texture": "#0"},
				"east": {"uv": [1, 3.5, 1.375, 3.6875], "texture": "#0"},
				"south": {"uv": [7, 3.25, 7.125, 3.4375], "texture": "#0"},
				"west": {"uv": [3.5, 1, 3.875, 1.1875], "texture": "#0"},
				"up": {"uv": [3.375, 5.375, 3.25, 5], "texture": "#0"},
				"down": {"uv": [5.125, 3.25, 5, 3.625], "texture": "#0"}
			}
		},
		{
			"name": "voxel",
			"from": [9.6, 0.4, 9.2],
			"to": [10, 0.8, 9.6],
			"faces": {
				"north": {"uv": [1.75, 8, 1.875, 8.125], "texture": "#0"},
				"east": {"uv": [8, 1.75, 8.125, 1.875], "texture": "#0"},
				"south": {"uv": [2, 8, 2.125, 8.125], "texture": "#0"},
				"west": {"uv": [8, 2, 8.125, 2.125], "texture": "#0"},
				"up": {"uv": [2.375, 8.125, 2.25, 8], "texture": "#0"},
				"down": {"uv": [8.125, 2.25, 8, 2.375], "texture": "#0"}
			}
		},
		{
			"name": "voxel",
			"from": [10, 0, 9.2],
			"to": [10.4, 1.2, 10],
			"faces": {
				"north": {"uv": [5.75, 0, 5.875, 0.3125], "texture": "#0"},
				"east": {"uv": [1.75, 4.5, 1.9375, 4.8125], "texture": "#0"},
				"south": {"uv": [5.75, 0.75, 5.875, 1.0625], "texture": "#0"},
				"west": {"uv": [4.5, 2, 4.6875, 2.3125], "texture": "#0"},
				"up": {"uv": [3.625, 7.1875, 3.5, 7], "texture": "#0"},
				"down": {"uv": [7.125, 3.5, 7, 3.6875], "texture": "#0"}
			}
		},
		{
			"name": "voxel",
			"from": [10.4, 0, 8.4],
			"to": [10.8, 0.4, 10],
			"faces": {
				"north": {"uv": [2.5, 8, 2.625, 8.125], "texture": "#0"},
				"east": {"uv": [3.5, 5, 3.875, 5.125], "texture": "#0"},
				"south": {"uv": [8, 2.5, 8.125, 2.625], "texture": "#0"},
				"west": {"uv": [5, 3.75, 5.375, 3.875], "texture": "#0"},
				"up": {"uv": [4.125, 5.375, 4, 5], "texture": "#0"},
				"down": {"uv": [5.125, 4, 5, 4.375], "texture": "#0"}
			}
		},
		{
			"name": "voxel",
			"from": [10.4, 0.4, 8],
			"to": [10.8, 1.2, 10.8],
			"faces": {
				"north": {"uv": [3.75, 7, 3.875, 7.1875], "texture": "#0"},
				"east": {"uv": [1, 0.25, 1.6875, 0.4375], "texture": "#0"},
				"south": {"uv": [7, 3.75, 7.125, 3.9375], "texture": "#0"},
				"west": {"uv": [1, 0.5, 1.6875, 0.6875], "texture": "#0"},
				"up": {"uv": [3.125, 0.9375, 3, 0.25], "texture": "#0"},
				"down": {"uv": [3.125, 1, 3, 1.6875], "texture": "#0"}
			}
		},
		{
			"name": "voxel",
			"from": [9.2, 0.4, 8.4],
			"to": [9.6, 1.2, 8.8],
			"faces": {
				"north": {"uv": [4, 7, 4.125, 7.1875], "texture": "#0"},
				"east": {"uv": [7, 4, 7.125, 4.1875], "texture": "#0"},
				"south": {"uv": [4.25, 7, 4.375, 7.1875], "texture": "#0"},
				"west": {"uv": [7, 4.25, 7.125, 4.4375], "texture": "#0"},
				"up": {"uv": [2.875, 8.125, 2.75, 8], "texture": "#0"},
				"down": {"uv": [8.125, 2.75, 8, 2.875], "texture": "#0"}
			}
		},
		{
			"name": "voxel",
			"from": [9.2, 0, 8],
			"to": [9.6, 1.2, 8.4],
			"faces": {
				"north": {"uv": [5.75, 1.25, 5.875, 1.5625], "texture": "#0"},
				"east": {"uv": [5.75, 1.75, 5.875, 2.0625], "texture": "#0"},
				"south": {"uv": [2, 5.75, 2.125, 6.0625], "texture": "#0"},
				"west": {"uv": [2.25, 5.75, 2.375, 6.0625], "texture": "#0"},
				"up": {"uv": [3.125, 8.125, 3, 8], "texture": "#0"},
				"down": {"uv": [8.125, 3, 8, 3.125], "texture": "#0"}
			}
		},
		{
			"name": "voxel",
			"from": [9.6, 0, 7.6],
			"to": [10.4, 1.2, 9.2],
			"faces": {
				"north": {"uv": [2.25, 4.5, 2.4375, 4.8125], "texture": "#0"},
				"east": {"uv": [0.25, 1.25, 0.625, 1.5625], "texture": "#0"},
				"south": {"uv": [2.5, 4.5, 2.6875, 4.8125], "texture": "#0"},
				"west": {"uv": [1.25, 0.75, 1.625, 1.0625], "texture": "#0"},
				"up": {"uv": [3.6875, 1.625, 3.5, 1.25], "texture": "#0"},
				"down": {"uv": [1.6875, 3.5, 1.5, 3.875], "texture": "#0"}
			}
		},
		{
			"name": "voxel",
			"from": [4.4, 8.4, 14.4],
			"to": [4.8, 9.6, 14.8],
			"faces": {
				"north": {"uv": [2.5, 5.75, 2.625, 6.0625], "texture": "#0"},
				"east": {"uv": [2.75, 5.75, 2.875, 6.0625], "texture": "#0"},
				"south": {"uv": [3, 5.75, 3.125, 6.0625], "texture": "#0"},
				"west": {"uv": [3.5, 5.75, 3.625, 6.0625], "texture": "#0"},
				"up": {"uv": [3.375, 8.125, 3.25, 8], "texture": "#0"},
				"down": {"uv": [8.125, 3.25, 8, 3.375], "texture": "#0"}
			}
		},
		{
			"name": "voxel",
			"from": [4.4, 8, 14.8],
			"to": [4.8, 9.2, 15.2],
			"faces": {
				"north": {"uv": [3.75, 5.75, 3.875, 6.0625], "texture": "#0"},
				"east": {"uv": [5.75, 3.75, 5.875, 4.0625], "texture": "#0"},
				"south": {"uv": [4.25, 5.75, 4.375, 6.0625], "texture": "#0"},
				"west": {"uv": [4.5, 5.75, 4.625, 6.0625], "texture": "#0"},
				"up": {"uv": [3.625, 8.125, 3.5, 8], "texture": "#0"},
				"down": {"uv": [8.125, 3.5, 8, 3.625], "texture": "#0"}
			}
		},
		{
			"name": "voxel",
			"from": [4.4, 7.2, 14.8],
			"to": [4.8, 7.6, 15.2],
			"faces": {
				"north": {"uv": [3.75, 8, 3.875, 8.125], "texture": "#0"},
				"east": {"uv": [8, 3.75, 8.125, 3.875], "texture": "#0"},
				"south": {"uv": [4, 8, 4.125, 8.125], "texture": "#0"},
				"west": {"uv": [8, 4, 8.125, 4.125], "texture": "#0"},
				"up": {"uv": [4.375, 8.125, 4.25, 8], "texture": "#0"},
				"down": {"uv": [8.125, 4.25, 8, 4.375], "texture": "#0"}
			}
		},
		{
			"name": "voxel",
			"from": [4.4, 7.6, 14.8],
			"to": [4.8, 8, 15.6],
			"faces": {
				"north": {"uv": [4.5, 8, 4.625, 8.125], "texture": "#0"},
				"east": {"uv": [4.5, 7, 4.6875, 7.125], "texture": "#0"},
				"south": {"uv": [8, 4.5, 8.125, 4.625], "texture": "#0"},
				"west": {"uv": [7, 4.5, 7.1875, 4.625], "texture": "#0"},
				"up": {"uv": [4.875, 7.1875, 4.75, 7], "texture": "#0"},
				"down": {"uv": [7.125, 4.75, 7, 4.9375], "texture": "#0"}
			}
		},
		{
			"name": "voxel",
			"from": [4.4, 6.4, 15.2],
			"to": [4.8, 6.8, 15.6],
			"faces": {
				"north": {"uv": [4.75, 8, 4.875, 8.125], "texture": "#0"},
				"east": {"uv": [8, 4.75, 8.125, 4.875], "texture": "#0"},
				"south": {"uv": [5, 8, 5.125, 8.125], "texture": "#0"},
				"west": {"uv": [8, 5, 8.125, 5.125], "texture": "#0"},
				"up": {"uv": [5.375, 8.125, 5.25, 8], "texture": "#0"},
				"down": {"uv": [8.125, 5.25, 8, 5.375], "texture": "#0"}
			}
		},
		{
			"name": "voxel",
			"from": [4, 6.8, 15.2],
			"to": [4.8, 7.6, 15.6],
			"faces": {
				"north": {"uv": [2, 1.75, 2.1875, 1.9375], "texture": "#0"},
				"east": {"uv": [5, 7, 5.125, 7.1875], "texture": "#0"},
				"south": {"uv": [1, 2.5, 1.1875, 2.6875], "texture": "#0"},
				"west": {"uv": [7, 5, 7.125, 5.1875], "texture": "#0"},
				"up": {"uv": [5.4375, 7.125, 5.25, 7], "texture": "#0"},
				"down": {"uv": [7.1875, 5.25, 7, 5.375], "texture": "#0"}
			}
		},
		{
			"name": "voxel",
			"from": [4, 4.8, 15.2],
			"to": [4.4, 6.8, 16],
			"faces": {
				"north": {"uv": [2.75, 3.75, 2.875, 4.25], "texture": "#0"},
				"east": {"uv": [2.75, 1.5, 2.9375, 2], "texture": "#0"},
				"south": {"uv": [3.75, 3.5, 3.875, 4], "texture": "#0"},
				"west": {"uv": [1.75, 2.75, 1.9375, 3.25], "texture": "#0"},
				"up": {"uv": [5.625, 7.1875, 5.5, 7], "texture": "#0"},
				"down": {"uv": [7.125, 5.5, 7, 5.6875], "texture": "#0"}
			}
		},
		{
			"name": "voxel",
			"from": [3.6, 4.4, 15.2],
			"to": [4, 6.4, 15.6],
			"faces": {
				"north": {"uv": [0, 4, 0.125, 4.5], "texture": "#0"},
				"east": {"uv": [4, 0, 4.125, 0.5], "texture": "#0"},
				"south": {"uv": [0.25, 4, 0.375, 4.5], "texture": "#0"},
				"west": {"uv": [0.5, 4, 0.625, 4.5], "texture": "#0"},
				"up": {"uv": [5.625, 8.125, 5.5, 8], "texture": "#0"},
				"down": {"uv": [8.125, 5.5, 8, 5.625], "texture": "#0"}
			}
		},
		{
			"name": "voxel",
			"from": [3.6, 4, 15.6],
			"to": [4, 6.4, 16],
			"faces": {
				"north": {"uv": [0.25, 3.25, 0.375, 3.875], "texture": "#0"},
				"east": {"uv": [3.25, 0.25, 3.375, 0.875], "texture": "#0"},
				"south": {"uv": [0.5, 3.25, 0.625, 3.875], "texture": "#0"},
				"west": {"uv": [0.75, 3.25, 0.875, 3.875], "texture": "#0"},
				"up": {"uv": [5.875, 8.125, 5.75, 8], "texture": "#0"},
				"down": {"uv": [8.125, 5.75, 8, 5.875], "texture": "#0"}
			}
		},
		{
			"name": "voxel",
			"from": [3.6, 3.6, 14.4],
			"to": [4, 4, 14.8],
			"faces": {
				"north": {"uv": [6, 8, 6.125, 8.125], "texture": "#0"},
				"east": {"uv": [8, 6, 8.125, 6.125], "texture": "#0"},
				"south": {"uv": [6.25, 8, 6.375, 8.125], "texture": "#0"},
				"west": {"uv": [8, 6.25, 8.125, 6.375], "texture": "#0"},
				"up": {"uv": [6.625, 8.125, 6.5, 8], "texture": "#0"},
				"down": {"uv": [8.125, 6.5, 8, 6.625], "texture": "#0"}
			}
		},
		{
			"name": "voxel",
			"from": [3.2, 3.6, 14.8],
			"to": [4, 4.4, 15.6],
			"faces": {
				"north": {"uv": [2.5, 1, 2.6875, 1.1875], "texture": "#0"},
				"east": {"uv": [6.25, 6, 6.4375, 6.1875], "texture": "#0"},
				"south": {"uv": [0.75, 6.5, 0.9375, 6.6875], "texture": "#0"},
				"west": {"uv": [1, 6.5, 1.1875, 6.6875], "texture": "#0"},
				"up": {"uv": [6.6875, 1.1875, 6.5, 1], "texture": "#0"},
				"down": {"uv": [1.4375, 6.5, 1.25, 6.6875], "texture": "#0"}
			}
		},
		{
			"name": "voxel",
			"from": [3.2, 3.2, 14.8],
			"to": [4.4, 3.6, 15.2],
			"faces": {
				"north": {"uv": [5.75, 2.25, 6.0625, 2.375], "texture": "#0"},
				"east": {"uv": [6.75, 8, 6.875, 8.125], "texture": "#0"},
				"south": {"uv": [4.75, 5.75, 5.0625, 5.875], "texture": "#0"},
				"west": {"uv": [8, 6.75, 8.125, 6.875], "texture": "#0"},
				"up": {"uv": [5.5625, 5.875, 5.25, 5.75], "texture": "#0"},
				"down": {"uv": [6.0625, 5.25, 5.75, 5.375], "texture": "#0"}
			}
		},
		{
			"name": "voxel",
			"from": [3.6, 3.2, 14],
			"to": [4, 3.6, 14.4],
			"faces": {
				"north": {"uv": [7, 8, 7.125, 8.125], "texture": "#0"},
				"east": {"uv": [8, 7, 8.125, 7.125], "texture": "#0"},
				"south": {"uv": [7.25, 8, 7.375, 8.125], "texture": "#0"},
				"west": {"uv": [8, 7.25, 8.125, 7.375], "texture": "#0"},
				"up": {"uv": [7.625, 8.125, 7.5, 8], "texture": "#0"},
				"down": {"uv": [8.125, 7.5, 8, 7.625], "texture": "#0"}
			}
		},
		{
			"name": "voxel",
			"from": [3.6, 2.8, 14.4],
			"to": [4.4, 3.6, 14.8],
			"faces": {
				"north": {"uv": [1.5, 6.5, 1.6875, 6.6875], "texture": "#0"},
				"east": {"uv": [5.75, 7, 5.875, 7.1875], "texture": "#0"},
				"south": {"uv": [1.75, 6.5, 1.9375, 6.6875], "texture": "#0"},
				"west": {"uv": [7, 5.75, 7.125, 5.9375], "texture": "#0"},
				"up": {"uv": [6.1875, 7.125, 6, 7], "texture": "#0"},
				"down": {"uv": [7.1875, 6, 7, 6.125], "texture": "#0"}
			}
		},
		{
			"name": "voxel",
			"from": [3.6, 2.8, 13.2],
			"to": [4.4, 3.2, 13.6],
			"faces": {
				"north": {"uv": [6.25, 7, 6.4375, 7.125], "texture": "#0"},
				"east": {"uv": [7.75, 8, 7.875, 8.125], "texture": "#0"},
				"south": {"uv": [7, 6.25, 7.1875, 6.375], "texture": "#0"},
				"west": {"uv": [8, 7.75, 8.125, 7.875], "texture": "#0"},
				"up": {"uv": [6.6875, 7.125, 6.5, 7], "texture": "#0"},
				"down": {"uv": [7.1875, 6.5, 7, 6.625], "texture": "#0"}
			}
		},
		{
			"name": "voxel",
			"from": [4, 2.4, 14],
			"to": [4.4, 3.6, 14.4],
			"faces": {
				"north": {"uv": [5.75, 5.5, 5.875, 5.8125], "texture": "#0"},
				"east": {"uv": [0, 6, 0.125, 6.3125], "texture": "#0"},
				"south": {"uv": [6, 0, 6.125, 0.3125], "texture": "#0"},
				"west": {"uv": [0.25, 6, 0.375, 6.3125], "texture": "#0"},
				"up": {"uv": [8.125, 8.125, 8, 8], "texture": "#0"},
				"down": {"uv": [0.125, 8.25, 0, 8.375], "texture": "#0"}
			}
		},
		{
			"name": "voxel",
			"from": [3.6, 2.4, 13.6],
			"to": [4, 3.2, 14.4],
			"faces": {
				"north": {"uv": [6.75, 7, 6.875, 7.1875], "texture": "#0"},
				"east": {"uv": [6.5, 1.75, 6.6875, 1.9375], "texture": "#0"},
				"south": {"uv": [7, 6.75, 7.125, 6.9375], "texture": "#0"},
				"west": {"uv": [6.5, 2, 6.6875, 2.1875], "texture": "#0"},
				"up": {"uv": [7.125, 7.1875, 7, 7], "texture": "#0"},
				"down": {"uv": [0.125, 7.25, 0, 7.4375], "texture": "#0"}
			}
		},
		{
			"name": "voxel",
			"from": [4, 2, 13.6],
			"to": [4.4, 3.2, 14],
			"faces": {
				"north": {"uv": [0.5, 6, 0.625, 6.3125], "texture": "#0"},
				"east": {"uv": [6, 0.5, 6.125, 0.8125], "texture": "#0"},
				"south": {"uv": [0.75, 6, 0.875, 6.3125], "texture": "#0"},
				"west": {"uv": [1, 6, 1.125, 6.3125], "texture": "#0"},
				"up": {"uv": [8.375, 0.125, 8.25, 0], "texture": "#0"},
				"down": {"uv": [0.375, 8.25, 0.25, 8.375], "texture": "#0"}
			}
		},
		{
			"name": "voxel",
			"from": [3.6, 2, 12.8],
			"to": [4, 2.8, 13.2],
			"faces": {
				"north": {"uv": [7.25, 0, 7.375, 0.1875], "texture": "#0"},
				"east": {"uv": [0.25, 7.25, 0.375, 7.4375], "texture": "#0"},
				"south": {"uv": [7.25, 0.25, 7.375, 0.4375], "texture": "#0"},
				"west": {"uv": [0.5, 7.25, 0.625, 7.4375], "texture": "#0"},
				"up": {"uv": [8.375, 0.375, 8.25, 0.25], "texture": "#0"},
				"down": {"uv": [0.625, 8.25, 0.5, 8.375], "texture": "#0"}
			}
		},
		{
			"name": "voxel",
			"from": [3.6, 2, 13.2],
			"to": [4.8, 2.8, 13.6],
			"faces": {
				"north": {"uv": [4.5, 1.5, 4.8125, 1.6875], "texture": "#0"},
				"east": {"uv": [7.25, 0.5, 7.375, 0.6875], "texture": "#0"},
				"south": {"uv": [4.5, 2.5, 4.8125, 2.6875], "texture": "#0"},
				"west": {"uv": [0.75, 7.25, 0.875, 7.4375], "texture": "#0"},
				"up": {"uv": [6.3125, 1.125, 6, 1], "texture": "#0"},
				"down": {"uv": [1.5625, 6, 1.25, 6.125], "texture": "#0"}
			}
		},
		{
			"name": "voxel",
			"from": [4.4, 2.4, 12],
			"to": [4.8, 2.8, 12.4],
			"faces": {
				"north": {"uv": [8.25, 0.5, 8.375, 0.625], "texture": "#0"},
				"east": {"uv": [0.75, 8.25, 0.875, 8.375], "texture": "#0"},
				"south": {"uv": [8.25, 0.75, 8.375, 0.875], "texture": "#0"},
				"west": {"uv": [1, 8.25, 1.125, 8.375], "texture": "#0"},
				"up": {"uv": [8.375, 1.125, 8.25, 1], "texture": "#0"},
				"down": {"uv": [1.375, 8.25, 1.25, 8.375], "texture": "#0"}
			}
		},
		{
			"name": "voxel",
			"from": [4, 2.4, 12.4],
			"to": [4.8, 2.8, 12.8],
			"faces": {
				"north": {"uv": [7.25, 0.75, 7.4375, 0.875], "texture": "#0"},
				"east": {"uv": [8.25, 1.25, 8.375, 1.375], "texture": "#0"},
				"south": {"uv": [1, 7.25, 1.1875, 7.375], "texture": "#0"},
				"west": {"uv": [1.5, 8.25, 1.625, 8.375], "texture": "#0"},
				"up": {"uv": [7.4375, 1.125, 7.25, 1], "texture": "#0"},
				"down": {"uv": [1.4375, 7.25, 1.25, 7.375], "texture": "#0"}
			}
		},
		{
			"name": "voxel",
			"from": [4, 1.6, 12.8],
			"to": [4.8, 2.8, 13.2],
			"faces": {
				"north": {"uv": [2.75, 4.5, 2.9375, 4.8125], "texture": "#0"},
				"east": {"uv": [6, 1.25, 6.125, 1.5625], "texture": "#0"},
				"south": {"uv": [3, 4.5, 3.1875, 4.8125], "texture": "#0"},
				"west": {"uv": [1.75, 6, 1.875, 6.3125], "texture": "#0"},
				"up": {"uv": [7.4375, 1.375, 7.25, 1.25], "texture": "#0"},
				"down": {"uv": [1.6875, 7.25, 1.5, 7.375], "texture": "#0"}
			}
		},
		{
			"name": "voxel",
			"from": [4, 1.6, 12],
			"to": [5.2, 2.4, 12.8],
			"faces": {
				"north": {"uv": [4.5, 3.25, 4.8125, 3.4375], "texture": "#0"},
				"east": {"uv": [6.5, 2.5, 6.6875, 2.6875], "texture": "#0"},
				"south": {"uv": [4.5, 3.5, 4.8125, 3.6875], "texture": "#0"},
				"west": {"uv": [6.5, 2.75, 6.6875, 2.9375], "texture": "#0"},
				"up": {"uv": [4.8125, 3.9375, 4.5, 3.75], "texture": "#0"},
				"down": {"uv": [4.8125, 4, 4.5, 4.1875], "texture": "#0"}
			}
		},
		{
			"name": "voxel",
			"from": [4.4, 2, 11.2],
			"to": [5.6, 2.4, 12],
			"faces": {
				"north": {"uv": [6, 1.75, 6.3125, 1.875], "texture": "#0"},
				"east": {"uv": [7.25, 1.5, 7.4375, 1.625], "texture": "#0"},
				"south": {"uv": [6, 2, 6.3125, 2.125], "texture": "#0"},
				"west": {"uv": [1.75, 7.25, 1.9375, 7.375], "texture": "#0"},
				"up": {"uv": [4.8125, 4.4375, 4.5, 4.25], "texture": "#0"},
				"down": {"uv": [4.8125, 4.5, 4.5, 4.6875], "texture": "#0"}
			}
		},
		{
			"name": "voxel",
			"from": [4.8, 1.6, 10.4],
			"to": [5.6, 2, 10.8],
			"faces": {
				"north": {"uv": [7.25, 1.75, 7.4375, 1.875], "texture": "#0"},
				"east": {"uv": [8.25, 1.5, 8.375, 1.625], "texture": "#0"},
				"south": {"uv": [2, 7.25, 2.1875, 7.375], "texture": "#0"},
				"west": {"uv": [1.75, 8.25, 1.875, 8.375], "texture": "#0"},
				"up": {"uv": [7.4375, 2.125, 7.25, 2], "texture": "#0"},
				"down": {"uv": [2.4375, 7.25, 2.25, 7.375], "texture": "#0"}
			}
		},
		{
			"name": "voxel",
			"from": [4.4, 1.6, 10.8],
			"to": [5.6, 2, 12],
			"faces": {
				"north": {"uv": [6, 2.5, 6.3125, 2.625], "texture": "#0"},
				"east": {"uv": [6, 2.75, 6.3125, 2.875], "texture": "#0"},
				"south": {"uv": [6, 3, 6.3125, 3.125], "texture": "#0"},
				"west": {"uv": [6, 3.25, 6.3125, 3.375], "texture": "#0"},
				"up": {"uv": [2.5625, 1.5625, 2.25, 1.25], "texture": "#0"},
				"down": {"uv": [2.0625, 2.25, 1.75, 2.5625], "texture": "#0"}
			}
		},
		{
			"name": "voxel",
			"from": [4.4, 1.2, 10],
			"to": [5.6, 1.6, 12],
			"faces": {
				"north": {"uv": [6, 3.5, 6.3125, 3.625], "texture": "#0"},
				"east": {"uv": [4, 0.5, 4.5, 0.625], "texture": "#0"},
				"south": {"uv": [6, 3.75, 6.3125, 3.875], "texture": "#0"},
				"west": {"uv": [4, 0.75, 4.5, 0.875], "texture": "#0"},
				"up": {"uv": [0.3125, 0.5, 0, 0], "texture": "#0"},
				"down": {"uv": [0.3125, 0.5, 0, 1], "texture": "#0"}
			}
		},
		{
			"name": "voxel",
			"from": [4.4, 0.8, 9.2],
			"to": [4.8, 1.2, 11.2],
			"faces": {
				"north": {"uv": [8.25, 1.75, 8.375, 1.875], "texture": "#0"},
				"east": {"uv": [4, 1, 4.5, 1.125], "texture": "#0"},
				"south": {"uv": [2, 8.25, 2.125, 8.375], "texture": "#0"},
				"west": {"uv": [4, 1.25, 4.5, 1.375], "texture": "#0"},
				"up": {"uv": [0.875, 4.5, 0.75, 4], "texture": "#0"},
				"down": {"uv": [1.625, 4, 1.5, 4.5], "texture": "#0"}
			}
		},
		{
			"name": "voxel",
			"from": [4.4, 0.4, 8.8],
			"to": [4.8, 0.8, 10.8],
			"faces": {
				"north": {"uv": [8.25, 2, 8.375, 2.125], "texture": "#0"},
				"east": {"uv": [4, 1.5, 4.5, 1.625], "texture": "#0"},
				"south": {"uv": [2.25, 8.25, 2.375, 8.375], "texture": "#0"},
				"west": {"uv": [4, 2, 4.5, 2.125], "texture": "#0"},
				"up": {"uv": [1.875, 4.5, 1.75, 4], "texture": "#0"},
				"down": {"uv": [2.375, 4, 2.25, 4.5], "texture": "#0"}
			}
		},
		{
			"name": "voxel",
			"from": [4.8, 0, 9.2],
			"to": [5.6, 0.4, 10],
			"faces": {
				"north": {"uv": [7.25, 2.25, 7.4375, 2.375], "texture": "#0"},
				"east": {"uv": [2.5, 7.25, 2.6875, 7.375], "texture": "#0"},
				"south": {"uv": [7.25, 2.5, 7.4375, 2.625], "texture": "#0"},
				"west": {"uv": [2.75, 7.25, 2.9375, 7.375], "texture": "#0"},
				"up": {"uv": [6.6875, 3.1875, 6.5, 3], "texture": "#0"},
				"down": {"uv": [3.4375, 6.5, 3.25, 6.6875], "texture": "#0"}
			}
		},
		{
			"name": "voxel",
			"from": [5.2, 0.4, 8.8],
			"to": [5.6, 0.8, 10.8],
			"faces": {
				"north": {"uv": [8.25, 2.25, 8.375, 2.375], "texture": "#0"},
				"east": {"uv": [4, 2.25, 4.5, 2.375], "texture": "#0"},
				"south": {"uv": [2.5, 8.25, 2.625, 8.375], "texture": "#0"},
				"west": {"uv": [4, 2.5, 4.5, 2.625], "texture": "#0"},
				"up": {"uv": [2.625, 4.5, 2.5, 4], "texture": "#0"},
				"down": {"uv": [4.125, 2.75, 4, 3.25], "texture": "#0"}
			}
		},
		{
			"name": "voxel",
			"from": [4.8, 0.4, 8.4],
			"to": [5.2, 0.8, 10.8],
			"faces": {
				"north": {"uv": [8.25, 2.5, 8.375, 2.625], "texture": "#0"},
				"east": {"uv": [3, 1.75, 3.625, 1.875], "texture": "#0"},
				"south": {"uv": [2.75, 8.25, 2.875, 8.375], "texture": "#0"},
				"west": {"uv": [1, 3.25, 1.625, 3.375], "texture": "#0"},
				"up": {"uv": [3.375, 1.625, 3.25, 1], "texture": "#0"},
				"down": {"uv": [1.875, 3.25, 1.75, 3.875], "texture": "#0"}
			}
		},
		{
			"name": "voxel",
			"from": [4.8, 0, 8],
			"to": [5.2, 1.2, 8.4],
			"faces": {
				"north": {"uv": [3.25, 6, 3.375, 6.3125], "texture": "#0"},
				"east": {"uv": [4, 6, 4.125, 6.3125], "texture": "#0"},
				"south": {"uv": [6, 4, 6.125, 4.3125], "texture": "#0"},
				"west": {"uv": [6, 4.5, 6.125, 4.8125], "texture": "#0"},
				"up": {"uv": [8.375, 2.875, 8.25, 2.75], "texture": "#0"},
				"down": {"uv": [3.125, 8.25, 3, 8.375], "texture": "#0"}
			}
		},
		{
			"name": "voxel",
			"from": [4.8, 0.8, 8.4],
			"to": [5.6, 1.2, 11.6],
			"faces": {
				"north": {"uv": [7.25, 2.75, 7.4375, 2.875], "texture": "#0"},
				"east": {"uv": [2, 0.75, 2.8125, 0.875], "texture": "#0"},
				"south": {"uv": [3, 7.25, 3.1875, 7.375], "texture": "#0"},
				"west": {"uv": [1.25, 2, 2.0625, 2.125], "texture": "#0"},
				"up": {"uv": [0.6875, 0.8125, 0.5, 0], "texture": "#0"},
				"down": {"uv": [0.9375, 0, 0.75, 0.8125], "texture": "#0"}
			}
		},
		{
			"name": "voxel",
			"from": [5.6, 0.4, 8.4],
			"to": [6, 1.2, 9.2],
			"faces": {
				"north": {"uv": [7.25, 3, 7.375, 3.1875], "texture": "#0"},
				"east": {"uv": [6.5, 3.25, 6.6875, 3.4375], "texture": "#0"},
				"south": {"uv": [3.25, 7.25, 3.375, 7.4375], "texture": "#0"},
				"west": {"uv": [6.5, 3.5, 6.6875, 3.6875], "texture": "#0"},
				"up": {"uv": [7.375, 3.4375, 7.25, 3.25], "texture": "#0"},
				"down": {"uv": [3.625, 7.25, 3.5, 7.4375], "texture": "#0"}
			}
		},
		{
			"name": "voxel",
			"from": [6, 0, 8],
			"to": [6.4, 1.2, 8.4],
			"faces": {
				"north": {"uv": [4.75, 6, 4.875, 6.3125], "texture": "#0"},
				"east": {"uv": [5, 6, 5.125, 6.3125], "texture": "#0"},
				"south": {"uv": [5.25, 6, 5.375, 6.3125], "texture": "#0"},
				"west": {"uv": [5.5, 6, 5.625, 6.3125], "texture": "#0"},
				"up": {"uv": [8.375, 3.125, 8.25, 3], "texture": "#0"},
				"down": {"uv": [3.375, 8.25, 3.25, 8.375], "texture": "#0"}
			}
		},
		{
			"name": "voxel",
			"from": [4.8, 0, 8.4],
			"to": [6, 0.4, 9.2],
			"faces": {
				"north": {"uv": [6, 5, 6.3125, 5.125], "texture": "#0"},
				"east": {"uv": [7.25, 3.5, 7.4375, 3.625], "texture": "#0"},
				"south": {"uv": [6, 5.5, 6.3125, 5.625], "texture": "#0"},
				"west": {"uv": [3.75, 7.25, 3.9375, 7.375], "texture": "#0"},
				"up": {"uv": [0.3125, 4.9375, 0, 4.75], "texture": "#0"},
				"down": {"uv": [5.0625, 0, 4.75, 0.1875], "texture": "#0"}
			}
		},
		{
			"name": "voxel",
			"from": [5.2, 0, 7.6],
			"to": [6, 1.2, 8.4],
			"faces": {
				"north": {"uv": [0.5, 4.75, 0.6875, 5.0625], "texture": "#0"},
				"east": {"uv": [0.75, 4.75, 0.9375, 5.0625], "texture": "#0"},
				"south": {"uv": [1, 4.75, 1.1875, 5.0625], "texture": "#0"},
				"west": {"uv": [4.75, 1, 4.9375, 1.3125], "texture": "#0"},
				"up": {"uv": [6.6875, 3.9375, 6.5, 3.75], "texture": "#0"},
				"down": {"uv": [4.1875, 6.5, 4, 6.6875], "texture": "#0"}
			}
		},
		{
			"name": "voxel",
			"from": [10.8, 6, 2.4],
			"to": [11.2, 6.8, 2.8],
			"faces": {
				"north": {"uv": [7.25, 3.75, 7.375, 3.9375], "texture": "#0"},
				"east": {"uv": [4, 7.25, 4.125, 7.4375], "texture": "#0"},
				"south": {"uv": [7.25, 4, 7.375, 4.1875], "texture": "#0"},
				"west": {"uv": [4.25, 7.25, 4.375, 7.4375], "texture": "#0"},
				"up": {"uv": [8.375, 3.375, 8.25, 3.25], "texture": "#0"},
				"down": {"uv": [3.625, 8.25, 3.5, 8.375], "texture": "#0"}
			}
		},
		{
			"name": "voxel",
			"from": [11.2, 5.6, 1.6],
			"to": [11.6, 6, 2.4],
			"faces": {
				"north": {"uv": [8.25, 3.5, 8.375, 3.625], "texture": "#0"},
				"east": {"uv": [7.25, 4.25, 7.4375, 4.375], "texture": "#0"},
				"south": {"uv": [3.75, 8.25, 3.875, 8.375], "texture": "#0"},
				"west": {"uv": [4.5, 7.25, 4.6875, 7.375], "texture": "#0"},
				"up": {"uv": [7.375, 4.6875, 7.25, 4.5], "texture": "#0"},
				"down": {"uv": [4.875, 7.25, 4.75, 7.4375], "texture": "#0"}
			}
		},
		{
			"name": "voxel",
			"from": [10.8, 6, 1.6],
			"to": [11.6, 6.8, 2.4],
			"faces": {
				"north": {"uv": [4.25, 6.5, 4.4375, 6.6875], "texture": "#0"},
				"east": {"uv": [4.5, 6.5, 4.6875, 6.6875], "texture": "#0"},
				"south": {"uv": [4.75, 6.5, 4.9375, 6.6875], "texture": "#0"},
				"west": {"uv": [5, 6.5, 5.1875, 6.6875], "texture": "#0"},
				"up": {"uv": [6.6875, 5.1875, 6.5, 5], "texture": "#0"},
				"down": {"uv": [5.4375, 6.5, 5.25, 6.6875], "texture": "#0"}
			}
		},
		{
			"name": "voxel",
			"from": [10.4, 6.4, 1.2],
			"to": [11.2, 6.8, 1.6],
			"faces": {
				"north": {"uv": [7.25, 4.75, 7.4375, 4.875], "texture": "#0"},
				"east": {"uv": [8.25, 3.75, 8.375, 3.875], "texture": "#0"},
				"south": {"uv": [5, 7.25, 5.1875, 7.375], "texture": "#0"},
				"west": {"uv": [4, 8.25, 4.125, 8.375], "texture": "#0"},
				"up": {"uv": [7.4375, 5.125, 7.25, 5], "texture": "#0"},
				"down": {"uv": [5.4375, 7.25, 5.25, 7.375], "texture": "#0"}
			}
		},
		{
			"name": "voxel",
			"from": [10.4, 5.6, 1.6],
			"to": [10.8, 6.8, 2],
			"faces": {
				"north": {"uv": [5.75, 6, 5.875, 6.3125], "texture": "#0"},
				"east": {"uv": [6, 5.75, 6.125, 6.0625], "texture": "#0"},
				"south": {"uv": [6.25, 0, 6.375, 0.3125], "texture": "#0"},
				"west": {"uv": [6.25, 0.5, 6.375, 0.8125], "texture": "#0"},
				"up": {"uv": [8.375, 4.125, 8.25, 4], "texture": "#0"},
				"down": {"uv": [4.375, 8.25, 4.25, 8.375], "texture": "#0"}
			}
		},
		{
			"name": "voxel",
			"from": [10.8, 5.6, 1.2],
			"to": [11.2, 6, 2.4],
			"faces": {
				"north": {"uv": [8.25, 4.25, 8.375, 4.375], "texture": "#0"},
				"east": {"uv": [1.25, 6.25, 1.5625, 6.375], "texture": "#0"},
				"south": {"uv": [4.5, 8.25, 4.625, 8.375], "texture": "#0"},
				"west": {"uv": [6.25, 1.25, 6.5625, 1.375], "texture": "#0"},
				"up": {"uv": [2.125, 6.5625, 2, 6.25], "texture": "#0"},
				"down": {"uv": [2.375, 6.25, 2.25, 6.5625], "texture": "#0"}
			}
		},
		{
			"name": "voxel",
			"from": [9.6, 5.6, 1.2],
			"to": [10, 6, 1.6],
			"faces": {
				"north": {"uv": [8.25, 4.5, 8.375, 4.625], "texture": "#0"},
				"east": {"uv": [4.75, 8.25, 4.875, 8.375], "texture": "#0"},
				"south": {"uv": [8.25, 4.75, 8.375, 4.875], "texture": "#0"},
				"west": {"uv": [5, 8.25, 5.125, 8.375], "texture": "#0"},
				"up": {"uv": [8.375, 5.125, 8.25, 5], "texture": "#0"},
				"down": {"uv": [5.375, 8.25, 5.25, 8.375], "texture": "#0"}
			}
		},
		{
			"name": "voxel",
			"from": [9.6, 6, 1.2],
			"to": [11.2, 6.4, 1.6],
			"faces": {
				"north": {"uv": [4.25, 5, 4.625, 5.125], "texture": "#0"},
				"east": {"uv": [8.25, 5.25, 8.375, 5.375], "texture": "#0"},
				"south": {"uv": [5, 4.5, 5.375, 4.625], "texture": "#0"},
				"west": {"uv": [5.5, 8.25, 5.625, 8.375], "texture": "#0"},
				"up": {"uv": [5.125, 5.125, 4.75, 5], "texture": "#0"},
				"down": {"uv": [0.375, 5.25, 0, 5.375], "texture": "#0"}
			}
		},
		{
			"name": "voxel",
			"from": [10, 5.6, 0.8],
			"to": [10.8, 6, 1.6],
			"faces": {
				"north": {"uv": [7.25, 5.25, 7.4375, 5.375], "texture": "#0"},
				"east": {"uv": [5.5, 7.25, 5.6875, 7.375], "texture": "#0"},
				"south": {"uv": [7.25, 5.5, 7.4375, 5.625], "texture": "#0"},
				"west": {"uv": [5.75, 7.25, 5.9375, 7.375], "texture": "#0"},
				"up": {"uv": [5.6875, 6.6875, 5.5, 6.5], "texture": "#0"},
				"down": {"uv": [6.6875, 5.5, 6.5, 5.6875], "texture": "#0"}
			}
		},
		{
			"name": "voxel",
			"from": [8.8, 5.6, 0.8],
			"to": [9.2, 6, 1.2],
			"faces": {
				"north": {"uv": [8.25, 5.5, 8.375, 5.625], "texture": "#0"},
				"east": {"uv": [5.75, 8.25, 5.875, 8.375], "texture": "#0"},
				"south": {"uv": [8.25, 5.75, 8.375, 5.875], "texture": "#0"},
				"west": {"uv": [6, 8.25, 6.125, 8.375], "texture": "#0"},
				"up": {"uv": [8.375, 6.125, 8.25, 6], "texture": "#0"},
				"down": {"uv": [6.375, 8.25, 6.25, 8.375], "texture": "#0"}
			}
		},
		{
			"name": "voxel",
			"from": [8.8, 6, 0.8],
			"to": [10.8, 6.4, 1.2],
			"faces": {
				"north": {"uv": [3, 4, 3.5, 4.125], "texture": "#0"},
				"east": {"uv": [8.25, 6.25, 8.375, 6.375], "texture": "#0"},
				"south": {"uv": [4, 3.25, 4.5, 3.375], "texture": "#0"},
				"west": {"uv": [6.5, 8.25, 6.625, 8.375], "texture": "#0"},
				"up": {"uv": [4, 4.125, 3.5, 4], "texture": "#0"},
				"down": {"uv": [4.5, 3.5, 4, 3.625], "texture": "#0"}
			}
		},
		{
			"name": "voxel",
			"from": [9.2, 5.6, 0.4],
			"to": [10, 6, 1.2],
			"faces": {
				"north": {"uv": [7.25, 5.75, 7.4375, 5.875], "texture": "#0"},
				"east": {"uv": [6, 7.25, 6.1875, 7.375], "texture": "#0"},
				"south": {"uv": [7.25, 6, 7.4375, 6.125], "texture": "#0"},
				"west": {"uv": [6.25, 7.25, 6.4375, 7.375], "texture": "#0"},
				"up": {"uv": [5.9375, 6.6875, 5.75, 6.5], "texture": "#0"},
				"down": {"uv": [6.1875, 6.5, 6, 6.6875], "texture": "#0"}
			}
		},
		{
			"name": "voxel",
			"from": [7.6, 6, 0],
			"to": [9.2, 6.4, 0.4],
			"faces": {
				"north": {"uv": [5.25, 0, 5.625, 0.125], "texture": "#0"},
				"east": {"uv": [8.25, 6.5, 8.375, 6.625], "texture": "#0"},
				"south": {"uv": [5.25, 0.25, 5.625, 0.375], "texture": "#0"},
				"west": {"uv": [6.75, 8.25, 6.875, 8.375], "texture": "#0"},
				"up": {"uv": [0.875, 5.375, 0.5, 5.25], "texture": "#0"},
				"down": {"uv": [5.625, 0.75, 5.25, 0.875], "texture": "#0"}
			}
		},
		{
			"name": "voxel",
			"from": [7.6, 5.6, 0],
			"to": [9.2, 6, 0.8],
			"faces": {
				"north": {"uv": [1, 5.25, 1.375, 5.375], "texture": "#0"},
				"east": {"uv": [7.25, 6.25, 7.4375, 6.375], "texture": "#0"},
				"south": {"uv": [5.25, 1, 5.625, 1.125], "texture": "#0"},
				"west": {"uv": [6.5, 7.25, 6.6875, 7.375], "texture": "#0"},
				"up": {"uv": [3.875, 2.6875, 3.5, 2.5], "texture": "#0"},
				"down": {"uv": [3.875, 2.75, 3.5, 2.9375], "texture": "#0"}
			}
		},
		{
			"name": "voxel",
			"from": [6.4, 6, 0.4],
			"to": [10, 6.4, 0.8],
			"faces": {
				"north": {"uv": [0, 2, 0.875, 2.125], "texture": "#0"},
				"east": {"uv": [8.25, 6.75, 8.375, 6.875], "texture": "#0"},
				"south": {"uv": [2, 0, 2.875, 0.125], "texture": "#0"},
				"west": {"uv": [7, 8.25, 7.125, 8.375], "texture": "#0"},
				"up": {"uv": [2.875, 0.375, 2, 0.25], "texture": "#0"},
				"down": {"uv": [2.875, 0.5, 2, 0.625], "texture": "#0"}
			}
		},
		{
			"name": "voxel",
			"from": [6.4, 5.2, 0],
			"to": [7.6, 6.4, 0.4],
			"faces": {
				"north": {"uv": [2.25, 1.75, 2.5625, 2.0625], "texture": "#0"},
				"east": {"uv": [2.5, 6.25, 2.625, 6.5625], "texture": "#0"},
				"south": {"uv": [2.25, 2.25, 2.5625, 2.5625], "texture": "#0"},
				"west": {"uv": [2.75, 6.25, 2.875, 6.5625], "texture": "#0"},
				"up": {"uv": [6.5625, 1.625, 6.25, 1.5], "texture": "#0"},
				"down": {"uv": [6.5625, 2.25, 6.25, 2.375], "texture": "#0"}
			}
		},
		{
			"name": "voxel",
			"from": [5.6, 5.2, 0.8],
			"to": [6.4, 6, 1.2],
			"faces": {
				"north": {"uv": [6.5, 6, 6.6875, 6.1875], "texture": "#0"},
				"east": {"uv": [7.25, 6.5, 7.375, 6.6875], "texture": "#0"},
				"south": {"uv": [6.25, 6.5, 6.4375, 6.6875], "texture": "#0"},
				"west": {"uv": [6.75, 7.25, 6.875, 7.4375], "texture": "#0"},
				"up": {"uv": [7.4375, 6.875, 7.25, 6.75], "texture": "#0"},
				"down": {"uv": [7.1875, 7.25, 7, 7.375], "texture": "#0"}
			}
		},
		{
			"name": "voxel",
			"from": [5.2, 5.2, 0.4],
			"to": [7.6, 6, 0.8],
			"faces": {
				"north": {"uv": [1.25, 1.25, 1.875, 1.4375], "texture": "#0"},
				"east": {"uv": [7.25, 7, 7.375, 7.1875], "texture": "#0"},
				"south": {"uv": [0.75, 1.5, 1.375, 1.6875], "texture": "#0"},
				"west": {"uv": [7.25, 7.25, 7.375, 7.4375], "texture": "#0"},
				"up": {"uv": [3.875, 2.125, 3.25, 2], "texture": "#0"},
				"down": {"uv": [3.875, 2.25, 3.25, 2.375], "texture": "#0"}
			}
		},
		{
			"name": "voxel",
			"from": [4.8, 5.2, 1.6],
			"to": [5.2, 6, 2],
			"faces": {
				"north": {"uv": [0, 7.5, 0.125, 7.6875], "texture": "#0"},
				"east": {"uv": [7.5, 0, 7.625, 0.1875], "texture": "#0"},
				"south": {"uv": [0.25, 7.5, 0.375, 7.6875], "texture": "#0"},
				"west": {"uv": [7.5, 0.25, 7.625, 0.4375], "texture": "#0"},
				"up": {"uv": [8.375, 7.125, 8.25, 7], "texture": "#0"},
				"down": {"uv": [7.375, 8.25, 7.25, 8.375], "texture": "#0"}
			}
		},
		{
			"name": "voxel",
			"from": [4.8, 5.2, 0.8],
			"to": [5.6, 6, 1.6],
			"faces": {
				"north": {"uv": [6.5, 6.25, 6.6875, 6.4375], "texture": "#0"},
				"east": {"uv": [6.5, 6.5, 6.6875, 6.6875], "texture": "#0"},
				"south": {"uv": [6.75, 0, 6.9375, 0.1875], "texture": "#0"},
				"west": {"uv": [6.75, 0.25, 6.9375, 0.4375], "texture": "#0"},
				"up": {"uv": [6.9375, 0.6875, 6.75, 0.5], "texture": "#0"},
				"down": {"uv": [0.9375, 6.75, 0.75, 6.9375], "texture": "#0"}
			}
		},
		{
			"name": "voxel",
			"from": [4, 5.2, 1.6],
			"to": [4.4, 6, 2],
			"faces": {
				"north": {"uv": [0.5, 7.5, 0.625, 7.6875], "texture": "#0"},
				"east": {"uv": [7.5, 0.5, 7.625, 0.6875], "texture": "#0"},
				"south": {"uv": [0.75, 7.5, 0.875, 7.6875], "texture": "#0"},
				"west": {"uv": [7.5, 0.75, 7.625, 0.9375], "texture": "#0"},
				"up": {"uv": [8.375, 7.375, 8.25, 7.25], "texture": "#0"},
				"down": {"uv": [7.625, 8.25, 7.5, 8.375], "texture": "#0"}
			}
		},
		{
			"name": "voxel",
			"from": [4.4, 5.2, 1.2],
			"to": [4.8, 6, 2.4],
			"faces": {
				"north": {"uv": [1, 7.5, 1.125, 7.6875], "texture": "#0"},
				"east": {"uv": [4.75, 0.25, 5.0625, 0.4375], "texture": "#0"},
				"south": {"uv": [7.5, 1, 7.625, 1.1875], "texture": "#0"},
				"west": {"uv": [4.75, 1.75, 5.0625, 1.9375], "texture": "#0"},
				"up": {"uv": [3.125, 6.5625, 3, 6.25], "texture": "#0"},
				"down": {"uv": [3.625, 6.25, 3.5, 6.5625], "texture": "#0"}
			}
		},
		{
			"name": "voxel",
			"from": [4, 5.2, 3.2],
			"to": [4.4, 5.6, 3.6],
			"faces": {
				"north": {"uv": [8.25, 7.5, 8.375, 7.625], "texture": "#0"},
				"east": {"uv": [7.75, 8.25, 7.875, 8.375], "texture": "#0"},
				"south": {"uv": [8.25, 7.75, 8.375, 7.875], "texture": "#0"},
				"west": {"uv": [8, 8.25, 8.125, 8.375], "texture": "#0"},
				"up": {"uv": [8.375, 8.125, 8.25, 8], "texture": "#0"},
				"down": {"uv": [8.375, 8.25, 8.25, 8.375], "texture": "#0"}
			}
		},
		{
			"name": "voxel",
			"from": [3.6, 5.2, 2],
			"to": [4.4, 6, 3.2],
			"faces": {
				"north": {"uv": [6.75, 0.75, 6.9375, 0.9375], "texture": "#0"},
				"east": {"uv": [4.75, 2, 5.0625, 2.1875], "texture": "#0"},
				"south": {"uv": [1, 6.75, 1.1875, 6.9375], "texture": "#0"},
				"west": {"uv": [4.75, 2.25, 5.0625, 2.4375], "texture": "#0"},
				"up": {"uv": [1.4375, 5.0625, 1.25, 4.75], "texture": "#0"},
				"down": {"uv": [2.1875, 4.75, 2, 5.0625], "texture": "#0"}
			}
		},
		{
			"name": "voxel",
			"from": [3.2, 5.2, 5.6],
			"to": [3.6, 6, 6],
			"faces": {
				"north": {"uv": [1.25, 7.5, 1.375, 7.6875], "texture": "#0"},
				"east": {"uv": [7.5, 1.25, 7.625, 1.4375], "texture": "#0"},
				"south": {"uv": [1.5, 7.5, 1.625, 7.6875], "texture": "#0"},
				"west": {"uv": [7.5, 1.5, 7.625, 1.6875], "texture": "#0"},
				"up": {"uv": [0.125, 8.625, 0, 8.5], "texture": "#0"},
				"down": {"uv": [8.625, 0, 8.5, 0.125], "texture": "#0"}
			}
		},
		{
			"name": "voxel",
			"from": [3.2, 5.2, 3.2],
			"to": [4, 6, 5.6],
			"faces": {
				"north": {"uv": [6.75, 1, 6.9375, 1.1875], "texture": "#0"},
				"east": {"uv": [1.5, 1.5, 2.125, 1.6875], "texture": "#0"},
				"south": {"uv": [1.25, 6.75, 1.4375, 6.9375], "texture": "#0"},
				"west": {"uv": [0.25, 1.75, 0.875, 1.9375], "texture": "#0"},
				"up": {"uv": [1.9375, 0.875, 1.75, 0.25], "texture": "#0"},
				"down": {"uv": [1.1875, 1.75, 1, 2.375], "texture": "#0"}
			}
		},
		{
			"name": "voxel",
			"from": [4, 5.6, 6.4],
			"to": [4.4, 6, 6.8],
			"faces": {
				"north": {"uv": [0.25, 8.5, 0.375, 8.625], "texture": "#0"},
				"east": {"uv": [8.5, 0.25, 8.625, 0.375], "texture": "#0"},
				"south": {"uv": [0.5, 8.5, 0.625, 8.625], "texture": "#0"},
				"west": {"uv": [8.5, 0.5, 8.625, 0.625], "texture": "#0"},
				"up": {"uv": [0.875, 8.625, 0.75, 8.5], "texture": "#0"},
				"down": {"uv": [8.625, 0.75, 8.5, 0.875], "texture": "#0"}
			}
		},
		{
			"name": "voxel",
			"from": [3.6, 5.2, 6.4],
			"to": [4, 6, 6.8],
			"faces": {
				"north": {"uv": [1.75, 7.5, 1.875, 7.6875], "texture": "#0"},
				"east": {"uv": [7.5, 1.75, 7.625, 1.9375], "texture": "#0"},
				"south": {"uv": [2, 7.5, 2.125, 7.6875], "texture": "#0"},
				"west": {"uv": [7.5, 2, 7.625, 2.1875], "texture": "#0"},
				"up": {"uv": [1.125, 8.625, 1, 8.5], "texture": "#0"},
				"down": {"uv": [8.625, 1, 8.5, 1.125], "texture": "#0"}
			}
		},
		{
			"name": "voxel",
			"from": [3.6, 5.2, 5.6],
			"to": [4.4, 6, 6.4],
			"faces": {
				"north": {"uv": [6.75, 1.25, 6.9375, 1.4375], "texture": "#0"},
				"east": {"uv": [1.5, 6.75, 1.6875, 6.9375], "texture": "#0"},
				"south": {"uv": [6.75, 1.5, 6.9375, 1.6875], "texture": "#0"},
				"west": {"uv": [1.75, 6.75, 1.9375, 6.9375], "texture": "#0"},
				"up": {"uv": [6.9375, 1.9375, 6.75, 1.75], "texture": "#0"},
				"down": {"uv": [2.1875, 6.75, 2, 6.9375], "texture": "#0"}
			}
		},
		{
			"name": "voxel",
			"from": [4, 5.6, 6.8],
			"to": [4.8, 6, 7.2],
			"faces": {
				"north": {"uv": [2.25, 7.5, 2.4375, 7.625], "texture": "#0"},
				"east": {"uv": [1.25, 8.5, 1.375, 8.625], "texture": "#0"},
				"south": {"uv": [7.5, 2.25, 7.6875, 2.375], "texture": "#0"},
				"west": {"uv": [8.5, 1.25, 8.625, 1.375], "texture": "#0"},
				"up": {"uv": [2.6875, 7.625, 2.5, 7.5], "texture": "#0"},
				"down": {"uv": [7.6875, 2.5, 7.5, 2.625], "texture": "#0"}
			}
		},
		{
			"name": "voxel",
			"from": [4, 5.2, 6.4],
			"to": [4.8, 5.6, 7.2],
			"faces": {
				"north": {"uv": [2.75, 7.5, 2.9375, 7.625], "texture": "#0"},
				"east": {"uv": [7.5, 2.75, 7.6875, 2.875], "texture": "#0"},
				"south": {"uv": [3, 7.5, 3.1875, 7.625], "texture": "#0"},
				"west": {"uv": [7.5, 3, 7.6875, 3.125], "texture": "#0"},
				"up": {"uv": [6.9375, 2.1875, 6.75, 2], "texture": "#0"},
				"down": {"uv": [2.4375, 6.75, 2.25, 6.9375], "texture": "#0"}
			}
		},
		{
			"name": "voxel",
			"from": [4, 5.2, 7.2],
			"to": [5.2, 6, 7.6],
			"faces": {
				"north": {"uv": [4.75, 2.75, 5.0625, 2.9375], "texture": "#0"},
				"east": {"uv": [3.25, 7.5, 3.375, 7.6875], "texture": "#0"},
				"south": {"uv": [4.75, 3, 5.0625, 3.1875], "texture": "#0"},
				"west": {"uv": [7.5, 3.25, 7.625, 3.4375], "texture": "#0"},
				"up": {"uv": [6.5625, 4.125, 6.25, 4], "texture": "#0"},
				"down": {"uv": [4.5625, 6.25, 4.25, 6.375], "texture": "#0"}
			}
		},
		{
			"name": "voxel",
			"from": [4.8, 5.6, 8],
			"to": [5.6, 6, 8.4],
			"faces": {
				"north": {"uv": [3.5, 7.5, 3.6875, 7.625], "texture": "#0"},
				"east": {"uv": [1.5, 8.5, 1.625, 8.625], "texture": "#0"},
				"south": {"uv": [7.5, 3.5, 7.6875, 3.625], "texture": "#0"},
				"west": {"uv": [8.5, 1.5, 8.625, 1.625], "texture": "#0"},
				"up": {"uv": [3.9375, 7.625, 3.75, 7.5], "texture": "#0"},
				"down": {"uv": [7.6875, 3.75, 7.5, 3.875], "texture": "#0"}
			}
		},
		{
			"name": "voxel",
			"from": [4.4, 5.2, 7.6],
			"to": [6, 6, 8],
			"faces": {
				"north": {"uv": [3.5, 3, 3.875, 3.1875], "texture": "#0"},
				"east": {"uv": [4, 7.5, 4.125, 7.6875], "texture": "#0"},
				"south": {"uv": [3.5, 3.25, 3.875, 3.4375], "texture": "#0"},
				"west": {"uv": [7.5, 4, 7.625, 4.1875], "texture": "#0"},
				"up": {"uv": [5.625, 1.375, 5.25, 1.25], "texture": "#0"},
				"down": {"uv": [5.625, 1.5, 5.25, 1.625], "texture": "#0"}
			}
		},
		{
			"name": "voxel",
			"from": [4.8, 5.2, 8],
			"to": [6.8, 5.6, 8.4],
			"faces": {
				"north": {"uv": [4, 3.75, 4.5, 3.875], "texture": "#0"},
				"east": {"uv": [1.75, 8.5, 1.875, 8.625], "texture": "#0"},
				"south": {"uv": [4, 4, 4.5, 4.125], "texture": "#0"},
				"west": {"uv": [8.5, 1.75, 8.625, 1.875], "texture": "#0"},
				"up": {"uv": [4.75, 0.125, 4.25, 0], "texture": "#0"},
				"down": {"uv": [4.75, 0.25, 4.25, 0.375], "texture": "#0"}
			}
		},
		{
			"name": "voxel",
			"from": [6.4, 6, 8.4],
			"to": [6.8, 6.4, 8.8],
			"faces": {
				"north": {"uv": [2, 8.5, 2.125, 8.625], "texture": "#0"},
				"east": {"uv": [8.5, 2, 8.625, 2.125], "texture": "#0"},
				"south": {"uv": [2.25, 8.5, 2.375, 8.625], "texture": "#0"},
				"west": {"uv": [8.5, 2.25, 8.625, 2.375], "texture": "#0"},
				"up": {"uv": [2.625, 8.625, 2.5, 8.5], "texture": "#0"},
				"down": {"uv": [8.625, 2.5, 8.5, 2.625], "texture": "#0"}
			}
		},
		{
			"name": "voxel",
			"from": [6.4, 5.6, 8.8],
			"to": [6.8, 6, 9.2],
			"faces": {
				"north": {"uv": [2.75, 8.5, 2.875, 8.625], "texture": "#0"},
				"east": {"uv": [8.5, 2.75, 8.625, 2.875], "texture": "#0"},
				"south": {"uv": [3, 8.5, 3.125, 8.625], "texture": "#0"},
				"west": {"uv": [8.5, 3, 8.625, 3.125], "texture": "#0"},
				"up": {"uv": [3.375, 8.625, 3.25, 8.5], "texture": "#0"},
				"down": {"uv": [8.625, 3.25, 8.5, 3.375], "texture": "#0"}
			}
		},
		{
			"name": "voxel",
			"from": [5.6, 5.6, 8],
			"to": [6.8, 6, 8.8],
			"faces": {
				"north": {"uv": [6.25, 4.25, 6.5625, 4.375], "texture": "#0"},
				"east": {"uv": [4.25, 7.5, 4.4375, 7.625], "texture": "#0"},
				"south": {"uv": [6.25, 4.5, 6.5625, 4.625], "texture": "#0"},
				"west": {"uv": [7.5, 4.25, 7.6875, 4.375], "texture": "#0"},
				"up": {"uv": [3.5625, 4.9375, 3.25, 4.75], "texture": "#0"},
				"down": {"uv": [4.0625, 4.75, 3.75, 4.9375], "texture": "#0"}
			}
		},
		{
			"name": "voxel",
			"from": [6.4, 5.2, 8.8],
			"to": [7.6, 5.6, 9.2],
			"faces": {
				"north": {"uv": [6.25, 4.75, 6.5625, 4.875], "texture": "#0"},
				"east": {"uv": [3.5, 8.5, 3.625, 8.625], "texture": "#0"},
				"south": {"uv": [6.25, 5.25, 6.5625, 5.375], "texture": "#0"},
				"west": {"uv": [8.5, 3.5, 8.625, 3.625], "texture": "#0"},
				"up": {"uv": [6.5625, 5.875, 6.25, 5.75], "texture": "#0"},
				"down": {"uv": [6.3125, 6.25, 6, 6.375], "texture": "#0"}
			}
		},
		{
			"name": "voxel",
			"from": [5.6, 5.2, 8.4],
			"to": [7.6, 5.6, 8.8],
			"faces": {
				"north": {"uv": [1, 4.25, 1.5, 4.375], "texture": "#0"},
				"east": {"uv": [3.75, 8.5, 3.875, 8.625], "texture": "#0"},
				"south": {"uv": [4.25, 1.75, 4.75, 1.875], "texture": "#0"},
				"west": {"uv": [8.5, 3.75, 8.625, 3.875], "texture": "#0"},
				"up": {"uv": [3.25, 4.375, 2.75, 4.25], "texture": "#0"},
				"down": {"uv": [4.75, 2.75, 4.25, 2.875], "texture": "#0"}
			}
		},
		{
			"name": "voxel",
			"from": [8.8, 5.6, 8.8],
			"to": [9.2, 6.4, 9.2],
			"faces": {
				"north": {"uv": [4.5, 7.5, 4.625, 7.6875], "texture": "#0"},
				"east": {"uv": [7.5, 4.5, 7.625, 4.6875], "texture": "#0"},
				"south": {"uv": [4.75, 7.5, 4.875, 7.6875], "texture": "#0"},
				"west": {"uv": [7.5, 4.75, 7.625, 4.9375], "texture": "#0"},
				"up": {"uv": [4.125, 8.625, 4, 8.5], "texture": "#0"},
				"down": {"uv": [8.625, 4, 8.5, 4.125], "texture": "#0"}
			}
		},
		{
			"name": "voxel",
			"from": [6.8, 5.6, 8.4],
			"to": [8.8, 6.4, 9.2],
			"faces": {
				"north": {"uv": [2, 2.75, 2.5, 2.9375], "texture": "#0"},
				"east": {"uv": [6.75, 2.25, 6.9375, 2.4375], "texture": "#0"},
				"south": {"uv": [2.75, 2, 3.25, 2.1875], "texture": "#0"},
				"west": {"uv": [2.5, 6.75, 2.6875, 6.9375], "texture": "#0"},
				"up": {"uv": [3.25, 2.4375, 2.75, 2.25], "texture": "#0"},
				"down": {"uv": [3, 2.75, 2.5, 2.9375], "texture": "#0"}
			}
		},
		{
			"name": "voxel",
			"from": [9.6, 5.6, 8.4],
			"to": [10, 6.4, 8.8],
			"faces": {
				"north": {"uv": [5, 7.5, 5.125, 7.6875], "texture": "#0"},
				"east": {"uv": [7.5, 5, 7.625, 5.1875], "texture": "#0"},
				"south": {"uv": [5.25, 7.5, 5.375, 7.6875], "texture": "#0"},
				"west": {"uv": [7.5, 5.25, 7.625, 5.4375], "texture": "#0"},
				"up": {"uv": [4.375, 8.625, 4.25, 8.5], "texture": "#0"},
				"down": {"uv": [8.625, 4.25, 8.5, 4.375], "texture": "#0"}
			}
		},
		{
			"name": "voxel",
			"from": [8.8, 5.6, 8],
			"to": [9.6, 6.4, 8.8],
			"faces": {
				"north": {"uv": [6.75, 2.5, 6.9375, 2.6875], "texture": "#0"},
				"east": {"uv": [2.75, 6.75, 2.9375, 6.9375], "texture": "#0"},
				"south": {"uv": [6.75, 2.75, 6.9375, 2.9375], "texture": "#0"},
				"west": {"uv": [3, 6.75, 3.1875, 6.9375], "texture": "#0"},
				"up": {"uv": [6.9375, 3.1875, 6.75, 3], "texture": "#0"},
				"down": {"uv": [3.4375, 6.75, 3.25, 6.9375], "texture": "#0"}
			}
		},
		{
			"name": "voxel",
			"from": [9.6, 5.6, 7.6],
			"to": [10.4, 6.4, 8.4],
			"faces": {
				"north": {"uv": [6.75, 3.25, 6.9375, 3.4375], "texture": "#0"},
				"east": {"uv": [3.5, 6.75, 3.6875, 6.9375], "texture": "#0"},
				"south": {"uv": [6.75, 3.5, 6.9375, 3.6875], "texture": "#0"},
				"west": {"uv": [3.75, 6.75, 3.9375, 6.9375], "texture": "#0"},
				"up": {"uv": [6.9375, 3.9375, 6.75, 3.75], "texture": "#0"},
				"down": {"uv": [4.1875, 6.75, 4, 6.9375], "texture": "#0"}
			}
		},
		{
			"name": "voxel",
			"from": [10.4, 6.4, 7.2],
			"to": [10.8, 6.8, 8],
			"faces": {
				"north": {"uv": [4.5, 8.5, 4.625, 8.625], "texture": "#0"},
				"east": {"uv": [5.5, 7.5, 5.6875, 7.625], "texture": "#0"},
				"south": {"uv": [8.5, 4.5, 8.625, 4.625], "texture": "#0"},
				"west": {"uv": [7.5, 5.5, 7.6875, 5.625], "texture": "#0"},
				"up": {"uv": [5.875, 7.6875, 5.75, 7.5], "texture": "#0"},
				"down": {"uv": [7.625, 5.75, 7.5, 5.9375], "texture": "#0"}
			}
		},
		{
			"name": "voxel",
			"from": [10.4, 5.6, 7.2],
			"to": [10.8, 6.4, 8.4],
			"faces": {
				"north": {"uv": [6, 7.5, 6.125, 7.6875], "texture": "#0"},
				"east": {"uv": [4.25, 4.75, 4.5625, 4.9375], "texture": "#0"},
				"south": {"uv": [7.5, 6, 7.625, 6.1875], "texture": "#0"},
				"west": {"uv": [4.75, 4.75, 5.0625, 4.9375], "texture": "#0"},
				"up": {"uv": [3.875, 6.5625, 3.75, 6.25], "texture": "#0"},
				"down": {"uv": [0.125, 6.5, 0, 6.8125], "texture": "#0"}
			}
		},
		{
			"name": "voxel",
			"from": [10.8, 6, 6.4],
			"to": [11.2, 6.8, 6.8],
			"faces": {
				"north": {"uv": [6.25, 7.5, 6.375, 7.6875], "texture": "#0"},
				"east": {"uv": [7.5, 6.25, 7.625, 6.4375], "texture": "#0"},
				"south": {"uv": [6.5, 7.5, 6.625, 7.6875], "texture": "#0"},
				"west": {"uv": [7.5, 6.5, 7.625, 6.6875], "texture": "#0"},
				"up": {"uv": [4.875, 8.625, 4.75, 8.5], "texture": "#0"},
				"down": {"uv": [8.625, 4.75, 8.5, 4.875], "texture": "#0"}
			}
		},
		{
			"name": "voxel",
			"from": [10.8, 5.6, 6.8],
			"to": [11.2, 6.8, 8],
			"faces": {
				"north": {"uv": [6.5, 0, 6.625, 0.3125], "texture": "#0"},
				"east": {"uv": [0.5, 2.75, 0.8125, 3.0625], "texture": "#0"},
				"south": {"uv": [0.25, 6.5, 0.375, 6.8125], "texture": "#0"},
				"west": {"uv": [1, 2.75, 1.3125, 3.0625], "texture": "#0"},
				"up": {"uv": [0.625, 6.8125, 0.5, 6.5], "texture": "#0"},
				"down": {"uv": [6.625, 0.5, 6.5, 0.8125], "texture": "#0"}
			}
		},
		{
			"name": "voxel",
			"from": [11.2, 5.6, 6.4],
			"to": [11.6, 6, 7.2],
			"faces": {
				"north": {"uv": [5, 8.5, 5.125, 8.625], "texture": "#0"},
				"east": {"uv": [6.75, 7.5, 6.9375, 7.625], "texture": "#0"},
				"south": {"uv": [8.5, 5, 8.625, 5.125], "texture": "#0"},
				"west": {"uv": [7.5, 6.75, 7.6875, 6.875], "texture": "#0"},
				"up": {"uv": [7.125, 7.6875, 7, 7.5], "texture": "#0"},
				"down": {"uv": [7.625, 7, 7.5, 7.1875], "texture": "#0"}
			}
		},
		{
			"name": "voxel",
			"from": [11.2, 6, 5.6],
			"to": [11.6, 6.8, 7.6],
			"faces": {
				"north": {"uv": [7.25, 7.5, 7.375, 7.6875], "texture": "#0"},
				"east": {"uv": [2.75, 2.5, 3.25, 2.6875], "texture": "#0"},
				"south": {"uv": [7.5, 7.25, 7.625, 7.4375], "texture": "#0"},
				"west": {"uv": [3, 0, 3.5, 0.1875], "texture": "#0"},
				"up": {"uv": [2.125, 4.75, 2, 4.25], "texture": "#0"},
				"down": {"uv": [3.375, 4.25, 3.25, 4.75], "texture": "#0"}
			}
		},
		{
			"name": "voxel",
			"from": [12, 6, 5.6],
			"to": [12.4, 6.4, 6],
			"faces": {
				"north": {"uv": [5.25, 8.5, 5.375, 8.625], "texture": "#0"},
				"east": {"uv": [8.5, 5.25, 8.625, 5.375], "texture": "#0"},
				"south": {"uv": [5.5, 8.5, 5.625, 8.625], "texture": "#0"},
				"west": {"uv": [8.5, 5.5, 8.625, 5.625], "texture": "#0"},
				"up": {"uv": [5.875, 8.625, 5.75, 8.5], "texture": "#0"},
				"down": {"uv": [8.625, 5.75, 8.5, 5.875], "texture": "#0"}
			}
		},
		{
			"name": "voxel",
			"from": [11.6, 6, 3.6],
			"to": [12, 6.8, 6.8],
			"faces": {
				"north": {"uv": [7.5, 7.5, 7.625, 7.6875], "texture": "#0"},
				"east": {"uv": [0, 1, 0.8125, 1.1875], "texture": "#0"},
				"south": {"uv": [0, 7.75, 0.125, 7.9375], "texture": "#0"},
				"west": {"uv": [1, 0, 1.8125, 0.1875], "texture": "#0"},
				"up": {"uv": [0.125, 3.0625, 0, 2.25], "texture": "#0"},
				"down": {"uv": [0.375, 2.25, 0.25, 3.0625], "texture": "#0"}
			}
		},
		{
			"name": "voxel",
			"from": [12, 6, 3.2],
			"to": [12.4, 6.8, 5.6],
			"faces": {
				"north": {"uv": [7.75, 0, 7.875, 0.1875], "texture": "#0"},
				"east": {"uv": [1.75, 1, 2.375, 1.1875], "texture": "#0"},
				"south": {"uv": [0.25, 7.75, 0.375, 7.9375], "texture": "#0"},
				"west": {"uv": [1.25, 1.75, 1.875, 1.9375], "texture": "#0"},
				"up": {"uv": [3.375, 3.125, 3.25, 2.5], "texture": "#0"},
				"down": {"uv": [3.375, 3.25, 3.25, 3.875], "texture": "#0"}
			}
		},
		{
			"name": "voxel",
			"from": [11.2, 6, 2.4],
			"to": [12, 6.8, 3.6],
			"faces": {
				"north": {"uv": [6.75, 4, 6.9375, 4.1875], "texture": "#0"},
				"east": {"uv": [0, 5, 0.3125, 5.1875], "texture": "#0"},
				"south": {"uv": [4.25, 6.75, 4.4375, 6.9375], "texture": "#0"},
				"west": {"uv": [5, 0.5, 5.3125, 0.6875], "texture": "#0"},
				"up": {"uv": [5.1875, 1.0625, 5, 0.75], "texture": "#0"},
				"down": {"uv": [5.1875, 1.25, 5, 1.5625], "texture": "#0"}
			}
		}
	],
	"display": {
		"thirdperson_righthand": {
			"rotation": [57, -180, 0],
			"translation": [0, 4, 2.25],
			"scale": [0.5, 0.5, 0.5]
		},
		"thirdperson_lefthand": {
			"rotation": [59, -180, 0],
			"translation": [0, 4, 2.25],
			"scale": [0.5, 0.5, 0.5]
		},
		"firstperson_righthand": {
			"rotation": [0, -180, 0],
			"translation": [-0.5, 3.75, 1],
			"scale": [0.5, 0.5, 0.5]
		},
		"firstperson_lefthand": {
			"rotation": [0, -180, 0],
			"translation": [0, 3.5, 0.25],
			"scale": [0.5, 0.5, 0.5]
		},
		"ground": {
			"translation": [0, 6, 0]
		},
		"gui": {
			"rotation": [18.25, 33.5, 0],
			"translation": [-0.25, 3.75, 0]
		},
		"head": {
			"rotation": [0, -180, 0],
			"translation": [0, 15.75, -4.5],
			"scale": [1.5, 1.5, 1.5]
		},
		"fixed": {
			"rotation": [-57.5, 174, 0],
			"translation": [0, 2.25, -6.25]
		}
	},
	"groups": [
		{
			"name": "voxel_file",
			"origin": [8, 8, 8],
			"color": 0,
			"children": [0, 1, 2, 3, 4, 5, 6, 7, 8, 9, 10, 11, 12, 13, 14, 15, 16, 17, 18, 19, 20, 21, 22, 23, 24, 25, 26, 27, 28, 29, 30, 31, 32, 33, 34, 35, 36, 37, 38, 39, 40, 41, 42, 43, 44, 45, 46, 47, 48, 49, 50, 51, 52, 53, 54, 55, 56, 57, 58, 59, 60, 61, 62, 63, 64, 65, 66, 67, 68, 69, 70, 71, 72, 73, 74, 75, 76, 77, 78, 79, 80, 81, 82, 83, 84, 85, 86, 87, 88, 89, 90, 91, 92, 93, 94, 95, 96, 97, 98, 99, 100, 101, 102, 103, 104, 105, 106, 107, 108, 109, 110, 111, 112, 113, 114, 115, 116, 117, 118, 119, 120, 121, 122, 123, 124, 125, 126, 127, 128, 129, 130, 131, 132, 133, 134, 135]
		}
	]
}