{
	"credit": "Made with Blockbench",
	"texture_size": [64, 64],
	"textures": {
		"0": "trophies/dragon/legs",
		"1": "trophies/dragon/tail",
		"2": "trophies/dragon/misc",
		"particle": "trophies/dragon/legs"
	},
	"elements": [
		{
			"from": [3.5, 0, 5],
			"to": [3.5, 1, 6.5],
			"faces": {
				"north": {"uv": [0, 0, 0, 0.5], "texture": "#0"},
				"east": {"uv": [9.5, 9.5, 10.25, 10], "texture": "#0"},
				"south": {"uv": [0, 0, 0, 0.5], "texture": "#0"},
				"west": {"uv": [0, 10, 0.75, 10.5], "texture": "#0"},
				"up": {"uv": [0, 0.75, 0, 0], "texture": "#0"},
				"down": {"uv": [0, 0, 0, 0.75], "texture": "#0"}
			}
		},
		{
			"from": [5.5, 0, 5],
			"to": [5.5, 1, 6.5],
			"faces": {
				"north": {"uv": [0, 0, 0, 0.5], "texture": "#0"},
				"east": {"uv": [1, 10, 1.75, 10.5], "texture": "#0"},
				"south": {"uv": [0, 0, 0, 0.5], "texture": "#0"},
				"west": {"uv": [2, 10, 2.75, 10.5], "texture": "#0"},
				"up": {"uv": [0, 0.75, 0, 0], "texture": "#0"},
				"down": {"uv": [0, 0, 0, 0.75], "texture": "#0"}
			}
		},
		{
			"from": [4.5, 0, 5],
			"to": [4.5, 1, 6.5],
			"faces": {
				"north": {"uv": [0, 0, 0, 0.5], "texture": "#0"},
				"east": {"uv": [3, 10, 3.75, 10.5], "texture": "#0"},
				"south": {"uv": [0, 0, 0, 0.5], "texture": "#0"},
				"west": {"uv": [4, 10, 4.75, 10.5], "texture": "#0"},
				"up": {"uv": [0, 0.75, 0, 0], "texture": "#0"},
				"down": {"uv": [0, 0, 0, 0.75], "texture": "#0"}
			}
		},
		{
			"from": [3.5, 0, 10],
			"to": [5.5, 0.5, 11],
			"faces": {
				"north": {"uv": [0, 10.5, 1, 10.75], "texture": "#0"},
				"east": {"uv": [5.5, 8.5, 6, 8.75], "texture": "#0"},
				"south": {"uv": [1, 10.5, 2, 10.75], "texture": "#0"},
				"west": {"uv": [5.5, 9, 6, 9.25], "texture": "#0"},
				"up": {"uv": [6.5, 10, 5.5, 9.5], "texture": "#0"},
				"down": {"uv": [7.5, 9.5, 6.5, 10], "texture": "#0"}
			}
		},
		{
			"from": [3.25, 0, 7],
			"to": [5.75, 3, 9],
			"faces": {
				"north": {"uv": [8, 0, 9.25, 1.5], "texture": "#0"},
				"east": {"uv": [0, 8.5, 1, 10], "texture": "#0"},
				"south": {"uv": [8, 1.5, 9.25, 3], "texture": "#0"},
				"west": {"uv": [1, 8.5, 2, 10], "texture": "#0"},
				"up": {"uv": [9.25, 4, 8, 3], "texture": "#0"},
				"down": {"uv": [5.25, 8.5, 4, 9.5], "texture": "#0"}
			}
		},
		{
			"from": [3, 3.25, 5.2],
			"to": [6, 7.25, 10.2],
			"faces": {
				"north": {"uv": [5, 0, 6.5, 2], "texture": "#0"},
				"east": {"uv": [0, 0, 2.5, 2], "texture": "#0"},
				"south": {"uv": [5, 2, 6.5, 4], "texture": "#0"},
				"west": {"uv": [0, 2, 2.5, 4], "texture": "#0"},
				"up": {"uv": [1.5, 6.5, 0, 4], "texture": "#0"},
				"down": {"uv": [3, 4, 1.5, 6.5], "texture": "#0"}
			}
		},
		{
			"from": [3, 2.25, 6.2],
			"to": [6, 3.25, 9.95],
			"faces": {
				"north": {"uv": [9, 8, 10.5, 8.5], "texture": "#0"},
				"east": {"uv": [9, 6, 10.875, 6.5], "texture": "#0"},
				"south": {"uv": [9, 8.5, 10.5, 9], "texture": "#0"},
				"west": {"uv": [9, 6.5, 10.875, 7], "texture": "#0"},
				"up": {"uv": [4.5, 8.375, 3, 6.5], "texture": "#0"},
				"down": {"uv": [6, 6.5, 4.5, 8.375], "texture": "#0"}
			}
		},
		{
			"from": [3, 0, 6],
			"to": [6, 0.75, 10],
			"faces": {
				"north": {"uv": [9.5, 2.5, 11, 2.875], "texture": "#0"},
				"east": {"uv": [9, 9, 11, 9.375], "texture": "#0"},
				"south": {"uv": [9.5, 3, 11, 3.375], "texture": "#0"},
				"west": {"uv": [9.5, 0, 11.5, 0.375], "texture": "#0"},
				"up": {"uv": [7.5, 6, 6, 4], "texture": "#0"},
				"down": {"uv": [7.5, 6, 6, 8], "texture": "#0"}
			}
		},
		{
			"from": [10.5, 0, 5],
			"to": [10.5, 1, 6.5],
			"faces": {
				"north": {"uv": [0, 0, 0, 0.5], "texture": "#0"},
				"east": {"uv": [5, 10, 5.75, 10.5], "texture": "#0"},
				"south": {"uv": [0, 0, 0, 0.5], "texture": "#0"},
				"west": {"uv": [6, 10, 6.75, 10.5], "texture": "#0"},
				"up": {"uv": [0, 0.75, 0, 0], "texture": "#0"},
				"down": {"uv": [0, 0, 0, 0.75], "texture": "#0"}
			}
		},
		{
			"from": [10, 0, 6],
			"to": [13, 0.75, 10],
			"faces": {
				"north": {"uv": [9.5, 3.5, 11, 3.875], "texture": "#0"},
				"east": {"uv": [9.5, 0.5, 11.5, 0.875], "texture": "#0"},
				"south": {"uv": [4, 9.5, 5.5, 9.875], "texture": "#0"},
				"west": {"uv": [9.5, 1, 11.5, 1.375], "texture": "#0"},
				"up": {"uv": [1.5, 8.5, 0, 6.5], "texture": "#0"},
				"down": {"uv": [8, 0, 6.5, 2], "texture": "#0"}
			}
		},
		{
			"from": [12.5, 0, 5],
			"to": [12.5, 1, 6.5],
			"faces": {
				"north": {"uv": [0, 0, 0, 0.5], "texture": "#0"},
				"east": {"uv": [7, 10, 7.75, 10.5], "texture": "#0"},
				"south": {"uv": [0, 0, 0, 0.5], "texture": "#0"},
				"west": {"uv": [8, 10, 8.75, 10.5], "texture": "#0"},
				"up": {"uv": [0, 0.75, 0, 0], "texture": "#0"},
				"down": {"uv": [0, 0, 0, 0.75], "texture": "#0"}
			}
		},
		{
			"from": [11.5, 0, 5],
			"to": [11.5, 1, 6.5],
			"faces": {
				"north": {"uv": [0, 0, 0, 0.5], "texture": "#0"},
				"east": {"uv": [9, 10, 9.75, 10.5], "texture": "#0"},
				"south": {"uv": [0, 0, 0, 0.5], "texture": "#0"},
				"west": {"uv": [10, 10, 10.75, 10.5], "texture": "#0"},
				"up": {"uv": [0, 0.75, 0, 0], "texture": "#0"},
				"down": {"uv": [0, 0, 0, 0.75], "texture": "#0"}
			}
		},
		{
			"from": [10.5, 0, 10],
			"to": [12.5, 0.5, 11],
			"faces": {
				"north": {"uv": [2, 10.5, 3, 10.75], "texture": "#0"},
				"east": {"uv": [4, 10.5, 4.5, 10.75], "texture": "#0"},
				"south": {"uv": [3, 10.5, 4, 10.75], "texture": "#0"},
				"west": {"uv": [10.5, 4, 11, 4.25], "texture": "#0"},
				"up": {"uv": [8.5, 10, 7.5, 9.5], "texture": "#0"},
				"down": {"uv": [9.5, 9.5, 8.5, 10], "texture": "#0"}
			}
		},
		{
			"from": [10.25, 0, 7],
			"to": [12.75, 3, 9],
			"faces": {
				"north": {"uv": [6, 8, 7.25, 9.5], "texture": "#0"},
				"east": {"uv": [2, 8.5, 3, 10], "texture": "#0"},
				"south": {"uv": [7.5, 8, 8.75, 9.5], "texture": "#0"},
				"west": {"uv": [3, 8.5, 4, 10], "texture": "#0"},
				"up": {"uv": [10.25, 5, 9, 4], "texture": "#0"},
				"down": {"uv": [10.25, 5, 9, 6], "texture": "#0"}
			}
		},
		{
			"from": [10, 3.25, 5.2],
			"to": [13, 7.25, 10.2],
			"faces": {
				"north": {"uv": [1.5, 6.5, 3, 8.5], "texture": "#0"},
				"east": {"uv": [2.5, 0, 5, 2], "texture": "#0"},
				"south": {"uv": [6.5, 2, 8, 4], "texture": "#0"},
				"west": {"uv": [2.5, 2, 5, 4], "texture": "#0"},
				"up": {"uv": [4.5, 6.5, 3, 4], "texture": "#0"},
				"down": {"uv": [6, 4, 4.5, 6.5], "texture": "#0"}
			}
		},
		{
			"from": [10, 2.25, 6.2],
			"to": [13, 3.25, 9.95],
			"faces": {
				"north": {"uv": [9.5, 1.5, 11, 2], "texture": "#0"},
				"east": {"uv": [9, 7, 10.875, 7.5], "texture": "#0"},
				"south": {"uv": [9.5, 2, 11, 2.5], "texture": "#0"},
				"west": {"uv": [9, 7.5, 10.875, 8], "texture": "#0"},
				"up": {"uv": [9, 5.875, 7.5, 4], "texture": "#0"},
				"down": {"uv": [9, 6, 7.5, 7.875], "texture": "#0"}
			}
		},
		{
			"from": [7, 13.20711, 20.40979],
			"to": [9, 14.20711, 22.40979],
			"rotation": {"angle": -22.5, "axis": "x", "origin": [8, 14, 20]},
			"faces": {
				"north": {"uv": [6.5, 11, 7.5, 11.5], "texture": "#1"},
				"east": {"uv": [11.5, 2, 12.5, 2.5], "texture": "#1"},
				"south": {"uv": [13, 6, 14, 6.5], "texture": "#1"},
				"west": {"uv": [4, 13.5, 5, 14], "texture": "#1"},
				"up": {"uv": [14.5, 2, 13.5, 1], "texture": "#1"},
				"down": {"uv": [4, 13.5, 3, 14.5], "texture": "#1"}
			}
		},
		{
			"from": [8, 14.5, 16.8],
			"to": [8, 15.5, 17.8],
			"rotation": {"angle": 45, "axis": "x", "origin": [8, 12, 17]},
			"faces": {
				"north": {"uv": [0, 0, 0, 0.5], "texture": "#1"},
				"east": {"uv": [7.5, 11, 8, 11.5], "texture": "#1"},
				"south": {"uv": [0, 0, 0, 0.5], "texture": "#1"},
				"west": {"uv": [12.5, 2, 13, 2.5], "texture": "#1"},
				"up": {"uv": [0, 0.5, 0, 0], "texture": "#1"},
				"down": {"uv": [0, 0, 0, 0.5], "texture": "#1"}
			}
		},
		{
			"from": [8, 12.94532, 16.8],
			"to": [8, 13.94532, 17.8],
			"rotation": {"angle": 45, "axis": "x", "origin": [8, 12, 17]},
			"faces": {
				"north": {"uv": [0, 0, 0, 0.5], "texture": "#1"},
				"east": {"uv": [14, 3.5, 14.5, 4], "texture": "#1"},
				"south": {"uv": [0, 0, 0, 0.5], "texture": "#1"},
				"west": {"uv": [4, 14, 4.5, 14.5], "texture": "#1"},
				"up": {"uv": [0, 0.5, 0, 0], "texture": "#1"},
				"down": {"uv": [0, 0, 0, 0.5], "texture": "#1"}
			}
		},
		{
			"from": [6.5, 11.94532, 17.2],
			"to": [9.5, 15.94532, 19.2],
			"rotation": {"angle": 45, "axis": "x", "origin": [8, 12, 17]},
			"faces": {
				"north": {"uv": [11.5, 11.5, 13, 13.5], "texture": "#1"},
				"east": {"uv": [13, 10, 14, 12], "texture": "#1"},
				"south": {"uv": [0, 12, 1.5, 14], "texture": "#1"},
				"west": {"uv": [13, 12, 14, 14], "texture": "#1"},
				"up": {"uv": [8, 11, 6.5, 10], "texture": "#1"},
				"down": {"uv": [15, 0, 13.5, 1], "texture": "#1"}
			}
		},
		{
			"from": [9, 10.5, 15.8],
			"to": [9, 11.5, 17.3],
			"rotation": {"angle": 22.5, "axis": "x", "origin": [8, 10, 16]},
			"faces": {
				"north": {"uv": [0, 0, 0, 0.5], "texture": "#1"},
				"east": {"uv": [11.5, 13.5, 12.25, 14], "texture": "#1"},
				"south": {"uv": [0, 0, 0, 0.5], "texture": "#1"},
				"west": {"uv": [0, 14, 0.75, 14.5], "texture": "#1"},
				"up": {"uv": [0, 0.75, 0, 0], "texture": "#1"},
				"down": {"uv": [0, 0, 0, 0.75], "texture": "#1"}
			}
		},
		{
			"from": [7, 10.5, 15.8],
			"to": [7, 11.5, 17.3],
			"rotation": {"angle": 22.5, "axis": "x", "origin": [8, 10, 16]},
			"faces": {
				"north": {"uv": [0, 0, 0, 0.5], "texture": "#1"},
				"east": {"uv": [1, 14, 1.75, 14.5], "texture": "#1"},
				"south": {"uv": [0, 0, 0, 0.5], "texture": "#1"},
				"west": {"uv": [2, 14, 2.75, 14.5], "texture": "#1"},
				"up": {"uv": [0, 0.75, 0, 0], "texture": "#1"},
				"down": {"uv": [0, 0, 0, 0.75], "texture": "#1"}
			}
		},
		{
			"from": [6, 8.17576, 16.2],
			"to": [10, 12.17576, 18.7],
			"rotation": {"angle": 22.5, "axis": "x", "origin": [8, 10, 16]},
			"faces": {
				"north": {"uv": [11, 2.5, 13, 4.5], "texture": "#1"},
				"east": {"uv": [1.5, 12, 2.75, 14], "texture": "#1"},
				"south": {"uv": [11, 4.5, 13, 6.5], "texture": "#1"},
				"west": {"uv": [5, 12.5, 6.25, 14.5], "texture": "#1"},
				"up": {"uv": [8.5, 13.75, 6.5, 12.5], "texture": "#1"},
				"down": {"uv": [15, 2, 13, 3.25], "texture": "#1"}
			}
		},
		{
			"from": [9, 8.5, 15.41421],
			"to": [9, 9.5, 16.41421],
			"rotation": {"angle": 45, "axis": "x", "origin": [8, 10, 16]},
			"faces": {
				"north": {"uv": [0, 0, 0, 0.5], "texture": "#1"},
				"east": {"uv": [14, 4, 14.5, 4.5], "texture": "#1"},
				"south": {"uv": [0, 0, 0, 0.5], "texture": "#1"},
				"west": {"uv": [4.5, 14, 5, 14.5], "texture": "#1"},
				"up": {"uv": [0, 0.5, 0, 0], "texture": "#1"},
				"down": {"uv": [0, 0, 0, 0.5], "texture": "#1"}
			}
		},
		{
			"from": [7, 8.5, 15.41421],
			"to": [7, 9.5, 16.41421],
			"rotation": {"angle": 45, "axis": "x", "origin": [8, 10, 16]},
			"faces": {
				"north": {"uv": [0, 0, 0, 0.5], "texture": "#1"},
				"east": {"uv": [14, 4.5, 14.5, 5], "texture": "#1"},
				"south": {"uv": [0, 0, 0, 0.5], "texture": "#1"},
				"west": {"uv": [14, 5, 14.5, 5.5], "texture": "#1"},
				"up": {"uv": [0, 0.5, 0, 0], "texture": "#1"},
				"down": {"uv": [0, 0, 0, 0.5], "texture": "#1"}
			}
		},
		{
			"from": [5.5, 6.17576, 15.91421],
			"to": [10.5, 10.17576, 19.41421],
			"rotation": {"angle": 45, "axis": "x", "origin": [8, 10, 16]},
			"faces": {
				"north": {"uv": [8, 7.5, 10.5, 9.5], "texture": "#1"},
				"east": {"uv": [11.5, 0, 13.25, 2], "texture": "#1"},
				"south": {"uv": [8, 9.5, 10.5, 11.5], "texture": "#1"},
				"west": {"uv": [3, 11.5, 4.75, 13.5], "texture": "#1"},
				"up": {"uv": [13, 9.25, 10.5, 7.5], "texture": "#1"},
				"down": {"uv": [13, 9.5, 10.5, 11.25], "texture": "#1"}
			}
		},
		{
			"from": [9.5, 7.5, 14.5],
			"to": [9.5, 9, 15.5],
			"rotation": {"angle": -22.5, "axis": "x", "origin": [8, 4, 13]},
			"faces": {
				"north": {"uv": [0, 0, 0, 0.75], "texture": "#1"},
				"east": {"uv": [3.5, 8, 4, 8.75], "texture": "#1"},
				"south": {"uv": [0, 0, 0, 0.75], "texture": "#1"},
				"west": {"uv": [3.5, 9, 4, 9.75], "texture": "#1"},
				"up": {"uv": [0, 0.5, 0, 0], "texture": "#1"},
				"down": {"uv": [0, 0, 0, 0.5], "texture": "#1"}
			}
		},
		{
			"from": [6.5, 7.5, 14.5],
			"to": [6.5, 9, 15.5],
			"rotation": {"angle": -22.5, "axis": "x", "origin": [8, 4, 13]},
			"faces": {
				"north": {"uv": [0, 0, 0, 0.75], "texture": "#1"},
				"east": {"uv": [3, 10.5, 3.5, 11.25], "texture": "#1"},
				"south": {"uv": [0, 0, 0, 0.75], "texture": "#1"},
				"west": {"uv": [12.5, 13.5, 13, 14.25], "texture": "#1"},
				"up": {"uv": [0, 0.5, 0, 0], "texture": "#1"},
				"down": {"uv": [0, 0, 0, 0.5], "texture": "#1"}
			}
		},
		{
			"from": [5, 3.7, 13],
			"to": [11, 8.2, 16],
			"rotation": {"angle": -22.5, "axis": "x", "origin": [8, 4, 13]},
			"faces": {
				"north": {"uv": [8, 2.5, 11, 4.75], "texture": "#1"},
				"east": {"uv": [8.5, 11.5, 10, 13.75], "texture": "#1"},
				"south": {"uv": [8, 5, 11, 7.25], "texture": "#1"},
				"west": {"uv": [10, 11.5, 11.5, 13.75], "texture": "#1"},
				"up": {"uv": [6.5, 11.5, 3.5, 10], "texture": "#1"},
				"down": {"uv": [3, 10.5, 0, 12], "texture": "#1"}
			}
		},
		{
			"from": [9.5, 8, 11.2],
			"to": [9.5, 9, 12.2],
			"rotation": {"angle": 0, "axis": "y", "origin": [8, 8, 11]},
			"faces": {
				"north": {"uv": [0, 0, 0, 0.5], "texture": "#1"},
				"east": {"uv": [14, 5.5, 14.5, 6], "texture": "#1"},
				"south": {"uv": [0, 0, 0, 0.5], "texture": "#1"},
				"west": {"uv": [14, 6, 14.5, 6.5], "texture": "#1"},
				"up": {"uv": [0, 0.5, 0, 0], "texture": "#1"},
				"down": {"uv": [0, 0, 0, 0.5], "texture": "#1"}
			}
		},
		{
			"from": [6.5, 8, 11.2],
			"to": [6.5, 9, 12.2],
			"rotation": {"angle": 0, "axis": "y", "origin": [8, 8, 11]},
			"faces": {
				"north": {"uv": [0, 0, 0, 0.5], "texture": "#1"},
				"east": {"uv": [6.5, 14, 7, 14.5], "texture": "#1"},
				"south": {"uv": [0, 0, 0, 0.5], "texture": "#1"},
				"west": {"uv": [7, 14, 7.5, 14.5], "texture": "#1"},
				"up": {"uv": [0, 0.5, 0, 0], "texture": "#1"},
				"down": {"uv": [0, 0, 0, 0.5], "texture": "#1"}
			}
		},
		{
			"from": [4.5, 3.7, 11.2],
			"to": [11.5, 8.2, 13.2],
			"rotation": {"angle": 0, "axis": "x", "origin": [8, 8, 11]},
			"faces": {
				"north": {"uv": [0, 8, 3.5, 10.25], "texture": "#1"},
				"east": {"uv": [13, 3.5, 14, 5.75], "texture": "#1"},
				"south": {"uv": [8, 0, 11.5, 2.25], "texture": "#1"},
				"west": {"uv": [13, 7.5, 14, 9.75], "texture": "#1"},
				"up": {"uv": [14.5, 7.5, 11, 6.5], "texture": "#1"},
				"down": {"uv": [8.5, 11.5, 5, 12.5], "texture": "#1"}
			}
		},
		{
			"from": [10, 8.25, 9.2],
			"to": [10, 9.25, 10.2],
			"faces": {
				"north": {"uv": [0, 0, 0, 0.5], "texture": "#1"},
				"east": {"uv": [7.5, 14, 8, 14.5], "texture": "#1"},
				"south": {"uv": [0, 0, 0, 0.5], "texture": "#1"},
				"west": {"uv": [14, 7.5, 14.5, 8], "texture": "#1"},
				"up": {"uv": [0, 0.5, 0, 0], "texture": "#1"},
				"down": {"uv": [0, 0, 0, 0.5], "texture": "#1"}
			}
		},
		{
			"from": [10, 8.25, 7.2],
			"to": [10, 9.25, 8.2],
			"faces": {
				"north": {"uv": [0, 0, 0, 0.5], "texture": "#1"},
				"east": {"uv": [8, 14, 8.5, 14.5], "texture": "#1"},
				"south": {"uv": [0, 0, 0, 0.5], "texture": "#1"},
				"west": {"uv": [14, 8, 14.5, 8.5], "texture": "#1"},
				"up": {"uv": [0, 0.5, 0, 0], "texture": "#1"},
				"down": {"uv": [0, 0, 0, 0.5], "texture": "#1"}
			}
		},
		{
			"from": [10, 8.25, 5.2],
			"to": [10, 9.25, 6.2],
			"faces": {
				"north": {"uv": [0, 0, 0, 0.5], "texture": "#1"},
				"east": {"uv": [8.5, 14, 9, 14.5], "texture": "#1"},
				"south": {"uv": [0, 0, 0, 0.5], "texture": "#1"},
				"west": {"uv": [14, 8.5, 14.5, 9], "texture": "#1"},
				"up": {"uv": [0, 0.5, 0, 0], "texture": "#1"},
				"down": {"uv": [0, 0, 0, 0.5], "texture": "#1"}
			}
		},
		{
			"from": [10, 8.25, 3.2],
			"to": [10, 9.25, 4.2],
			"faces": {
				"north": {"uv": [0, 0, 0, 0.5], "texture": "#1"},
				"east": {"uv": [9, 14, 9.5, 14.5], "texture": "#1"},
				"south": {"uv": [0, 0, 0, 0.5], "texture": "#1"},
				"west": {"uv": [14, 9, 14.5, 9.5], "texture": "#1"},
				"up": {"uv": [0, 0.5, 0, 0], "texture": "#1"},
				"down": {"uv": [0, 0, 0, 0.5], "texture": "#1"}
			}
		},
		{
			"from": [6, 8.25, 9.2],
			"to": [6, 9.25, 10.2],
			"faces": {
				"north": {"uv": [0, 0, 0, 0.5], "texture": "#1"},
				"east": {"uv": [9.5, 14, 10, 14.5], "texture": "#1"},
				"south": {"uv": [0, 0, 0, 0.5], "texture": "#1"},
				"west": {"uv": [14, 9.5, 14.5, 10], "texture": "#1"},
				"up": {"uv": [0, 0.5, 0, 0], "texture": "#1"},
				"down": {"uv": [0, 0, 0, 0.5], "texture": "#1"}
			}
		},
		{
			"from": [6, 8.25, 7.2],
			"to": [6, 9.25, 8.2],
			"faces": {
				"north": {"uv": [0, 0, 0, 0.5], "texture": "#1"},
				"east": {"uv": [10, 14, 10.5, 14.5], "texture": "#1"},
				"south": {"uv": [0, 0, 0, 0.5], "texture": "#1"},
				"west": {"uv": [14, 10, 14.5, 10.5], "texture": "#1"},
				"up": {"uv": [0, 0.5, 0, 0], "texture": "#1"},
				"down": {"uv": [0, 0, 0, 0.5], "texture": "#1"}
			}
		},
		{
			"from": [6, 8.25, 5.2],
			"to": [6, 9.25, 6.2],
			"faces": {
				"north": {"uv": [0, 0, 0, 0.5], "texture": "#1"},
				"east": {"uv": [10.5, 14, 11, 14.5], "texture": "#1"},
				"south": {"uv": [0, 0, 0, 0.5], "texture": "#1"},
				"west": {"uv": [14, 10.5, 14.5, 11], "texture": "#1"},
				"up": {"uv": [0, 0.5, 0, 0], "texture": "#1"},
				"down": {"uv": [0, 0, 0, 0.5], "texture": "#1"}
			}
		},
		{
			"from": [6, 8.25, 3.2],
			"to": [6, 9.25, 4.2],
			"faces": {
				"north": {"uv": [0, 0, 0, 0.5], "texture": "#1"},
				"east": {"uv": [11, 14, 11.5, 14.5], "texture": "#1"},
				"south": {"uv": [0, 0, 0, 0.5], "texture": "#1"},
				"west": {"uv": [14, 11, 14.5, 11.5], "texture": "#1"},
				"up": {"uv": [0, 0.5, 0, 0], "texture": "#1"},
				"down": {"uv": [0, 0, 0, 0.5], "texture": "#1"}
			}
		},
		{
			"from": [4, 3.25, 3.2],
			"to": [12, 8.25, 11.2],
			"faces": {
				"north": {"uv": [4, 0, 8, 2.5], "texture": "#1"},
				"east": {"uv": [4, 2.5, 8, 5], "texture": "#1"},
				"south": {"uv": [4, 5, 8, 7.5], "texture": "#1"},
				"west": {"uv": [4, 7.5, 8, 10], "texture": "#1"},
				"up": {"uv": [4, 4, 0, 0], "texture": "#1"},
				"down": {"uv": [4, 4, 0, 8], "texture": "#1"}
			}
		},
		{
			"from": [10.5, 8.25, 4.2],
			"to": [10.5, 17.25, 11.7],
			"rotation": {"angle": -22.5, "axis": "z", "origin": [8, 8, 4]},
			"faces": {
				"north": {"uv": [0, 0, 0, 2.25], "texture": "#2"},
				"east": {"uv": [0, 0, 1.875, 2.25], "texture": "#2"},
				"south": {"uv": [0, 0, 0, 2.25], "texture": "#2"},
				"west": {"uv": [2, 0, 3.875, 2.25], "texture": "#2"},
				"up": {"uv": [0, 1.875, 0, 0], "texture": "#2"},
				"down": {"uv": [0, 0, 0, 1.875], "texture": "#2"}
			}
		},
		{
			"from": [5.5, 8.25, 4.2],
			"to": [5.5, 17.25, 11.7],
			"rotation": {"angle": 22.5, "axis": "z", "origin": [8, 8, 4]},
			"faces": {
				"north": {"uv": [0, 0, 0, 2.25], "texture": "#2"},
				"east": {"uv": [0, 0, 1.875, 2.25], "texture": "#2"},
				"south": {"uv": [0, 0, 0, 2.25], "texture": "#2"},
				"west": {"uv": [2, 0, 3.875, 2.25], "texture": "#2"},
				"up": {"uv": [0, 1.875, 0, 0], "texture": "#2"},
				"down": {"uv": [0, 0, 0, 1.875], "texture": "#2"}
			}
		},
		{
			"from": [8, 13.5, 3.4],
			"to": [8, 14.5, 5.9],
			"rotation": {"angle": -45, "axis": "x", "origin": [8, 8, 4]},
			"faces": {
				"north": {"uv": [0, 0, 0, 0.25], "texture": "#2"},
				"east": {"uv": [8.5, 5.5, 9.125, 5.75], "texture": "#2"},
				"south": {"uv": [0, 0, 0, 0.25], "texture": "#2"},
				"west": {"uv": [8.75, 0.75, 9.375, 1], "texture": "#2"},
				"up": {"uv": [0, 0.625, 0, 0], "texture": "#2"},
				"down": {"uv": [0, 0, 0, 0.625], "texture": "#2"}
			}
		},
		{
			"from": [6.5, 13, 2.4],
			"to": [9.5, 15.5, 5.4],
			"rotation": {"angle": -45, "axis": "x", "origin": [8, 8, 4]},
			"faces": {
				"north": {"uv": [8, 1.5, 8.75, 2.125], "texture": "#2"},
				"east": {"uv": [2.25, 8, 3, 8.625], "texture": "#2"},
				"south": {"uv": [8, 2.25, 8.75, 2.875], "texture": "#2"},
				"west": {"uv": [3, 8, 3.75, 8.625], "texture": "#2"},
				"up": {"uv": [0.75, 8.5, 0, 7.75], "texture": "#2"},
				"down": {"uv": [1.5, 8, 0.75, 8.75], "texture": "#2"}
			}
		},
		{
			"from": [4.5, 4.25, 0.2],
			"to": [11.5, 9.25, 6.7],
			"rotation": {"angle": 45, "axis": "x", "origin": [8, 8, 4]},
			"faces": {
				"north": {"uv": [4, 3.5, 5.75, 4.75], "texture": "#2"},
				"east": {"uv": [1.75, 4.5, 3.375, 5.75], "texture": "#2"},
				"south": {"uv": [0, 4.5, 1.75, 5.75], "texture": "#2"},
				"west": {"uv": [3.5, 4.75, 5.125, 6], "texture": "#2"},
				"up": {"uv": [5.75, 1.625, 4, 0], "texture": "#2"},
				"down": {"uv": [5.75, 1.75, 4, 3.375], "texture": "#2"}
			}
		},
		{
			"from": [3.8, 5.8, 0],
			"to": [4.7, 7.2, 1.4],
			"rotation": {"angle": 22.5, "axis": "x", "origin": [8, 8, 4]},
			"faces": {
				"north": {"uv": [6, 9.5, 6.125, 9.75], "texture": "#2"},
				"east": {"uv": [2.25, 7, 2.5, 7.25], "texture": "#2"},
				"south": {"uv": [9.5, 6, 9.625, 6.25], "texture": "#2"},
				"west": {"uv": [6, 7, 6.25, 7.25], "texture": "#2"},
				"up": {"uv": [6.375, 9.75, 6.25, 9.5], "texture": "#2"},
				"down": {"uv": [9.625, 6.25, 9.5, 6.5], "texture": "#2"}
			}
		},
		{
			"from": [11.7, 7, -4.2],
			"to": [11.7, 8, -3.2],
			"rotation": {"angle": -22.5, "axis": "x", "origin": [16, 8, 4]},
			"faces": {
				"north": {"uv": [0, 0, 0, 0.25], "texture": "#2"},
				"east": {"uv": [4.75, 7.25, 5, 7.5], "texture": "#2"},
				"south": {"uv": [0, 0, 0, 0.25], "texture": "#2"},
				"west": {"uv": [7, 7.25, 7.25, 7.5], "texture": "#2"},
				"up": {"uv": [0, 0.25, 0, 0], "texture": "#2"},
				"down": {"uv": [0, 0, 0, 0.25], "texture": "#2"}
			}
		},
		{
			"from": [12.3, 7, -4.2],
			"to": [12.3, 8, -3.2],
			"rotation": {"angle": -22.5, "axis": "x", "origin": [16, 8, 4]},
			"faces": {
				"north": {"uv": [0, 0, 0, 0.25], "texture": "#2"},
				"east": {"uv": [4.75, 7.5, 5, 7.75], "texture": "#2"},
				"south": {"uv": [0, 0, 0, 0.25], "texture": "#2"},
				"west": {"uv": [3.25, 9.25, 3.5, 9.5], "texture": "#2"},
				"up": {"uv": [0, 0.25, 0, 0], "texture": "#2"},
				"down": {"uv": [0, 0, 0, 0.25], "texture": "#2"}
			}
		},
		{
			"from": [11.2, 7, -4.2],
			"to": [11.2, 8, -3.2],
			"rotation": {"angle": -22.5, "axis": "x", "origin": [16, 8, 4]},
			"faces": {
				"north": {"uv": [0, 0, 0, 0.25], "texture": "#2"},
				"east": {"uv": [9.25, 3.25, 9.5, 3.5], "texture": "#2"},
				"south": {"uv": [0, 0, 0, 0.25], "texture": "#2"},
				"west": {"uv": [9.25, 3.5, 9.5, 3.75], "texture": "#2"},
				"up": {"uv": [0, 0.25, 0, 0], "texture": "#2"},
				"down": {"uv": [0, 0, 0, 0.25], "texture": "#2"}
			}
		},
		{
			"from": [11.1, 7.3, -3.2],
			"to": [12.35, 7.8, -2.7],
			"rotation": {"angle": -22.5, "axis": "x", "origin": [16, 8, 4]},
			"faces": {
				"north": {"uv": [9.25, 8, 9.5625, 8.125], "texture": "#2"},
				"east": {"uv": [9.75, 0.75, 9.875, 0.875], "texture": "#2"},
				"south": {"uv": [1.25, 9.5, 1.5625, 9.625], "texture": "#2"},
				"west": {"uv": [1.25, 9.75, 1.375, 9.875], "texture": "#2"},
				"up": {"uv": [9.8125, 1.375, 9.5, 1.25], "texture": "#2"},
				"down": {"uv": [9.8125, 1.5, 9.5, 1.625], "texture": "#2"}
			}
		},
		{
			"from": [11.5, 7.2, -2.8],
			"to": [11.9, 7.9, -0.8],
			"rotation": {"angle": -22.5, "axis": "x", "origin": [16, 8, 4]},
			"faces": {
				"north": {"uv": [7.5, 9.5, 7.625, 9.6875], "texture": "#2"},
				"east": {"uv": [3.5, 4.5, 4, 4.6875], "texture": "#2"},
				"south": {"uv": [9.5, 7.5, 9.625, 7.6875], "texture": "#2"},
				"west": {"uv": [0.75, 7.75, 1.25, 7.9375], "texture": "#2"},
				"up": {"uv": [3.875, 9.75, 3.75, 9.25], "texture": "#2"},
				"down": {"uv": [9.375, 3.75, 9.25, 4.25], "texture": "#2"}
			}
		},
		{
			"from": [11.4999, 3.9999, 0.1999],
			"to": [11.9001, 7.0001, 1.2001],
			"rotation": {"angle": 22.5, "axis": "x", "origin": [16, 8, 4]},
			"faces": {
				"north": {"uv": [3.5, 8.75, 3.625, 9.5], "texture": "#2"},
				"east": {"uv": [0.5, 8.5, 0.75, 9.25], "texture": "#2"},
				"south": {"uv": [8.75, 8.25, 8.875, 9], "texture": "#2"},
				"west": {"uv": [4.75, 8.5, 5, 9.25], "texture": "#2"},
				"up": {"uv": [6.625, 9.75, 6.5, 9.5], "texture": "#2"},
				"down": {"uv": [9.625, 6.5, 9.5, 6.75], "texture": "#2"}
			}
		},
		{
			"from": [11.3, 5.8, 0],
			"to": [12.2, 7.2, 1.4],
			"rotation": {"angle": 22.5, "axis": "x", "origin": [16, 8, 4]},
			"faces": {
				"north": {"uv": [6.75, 9.5, 6.875, 9.75], "texture": "#2"},
				"east": {"uv": [4, 9.25, 4.25, 9.5], "texture": "#2"},
				"south": {"uv": [9.5, 6.75, 9.625, 7], "texture": "#2"},
				"west": {"uv": [4.25, 9.25, 4.5, 9.5], "texture": "#2"},
				"up": {"uv": [7.125, 9.75, 7, 9.5], "texture": "#2"},
				"down": {"uv": [9.625, 7, 9.5, 7.25], "texture": "#2"}
			}
		},
		{
			"from": [3.9999, 3.9999, 0.1999],
			"to": [4.4001, 7.0001, 1.2001],
			"rotation": {"angle": 22.5, "axis": "x", "origin": [8, 8, 4]},
			"faces": {
				"north": {"uv": [2, 9, 2.125, 9.75], "texture": "#2"},
				"east": {"uv": [8.5, 8.25, 8.75, 9], "texture": "#2"},
				"south": {"uv": [2.25, 9, 2.375, 9.75], "texture": "#2"},
				"west": {"uv": [0.75, 8.75, 1, 9.5], "texture": "#2"},
				"up": {"uv": [7.375, 9.75, 7.25, 9.5], "texture": "#2"},
				"down": {"uv": [9.625, 7.25, 9.5, 7.5], "texture": "#2"}
			}
		},
		{
			"from": [4, 7.2, -2.8],
			"to": [4.4, 7.9, -0.8],
			"rotation": {"angle": -22.5, "axis": "x", "origin": [8, 8, 4]},
			"faces": {
				"north": {"uv": [9.5, 7.75, 9.625, 7.9375], "texture": "#2"},
				"east": {"uv": [3.75, 8, 4.25, 8.1875], "texture": "#2"},
				"south": {"uv": [9.5, 8.25, 9.625, 8.4375], "texture": "#2"},
				"west": {"uv": [8.75, 2.75, 9.25, 2.9375], "texture": "#2"},
				"up": {"uv": [4.625, 9.75, 4.5, 9.25], "texture": "#2"},
				"down": {"uv": [4.875, 9.25, 4.75, 9.75], "texture": "#2"}
			}
		},
		{
			"from": [3.6, 7.3, -3.2],
			"to": [4.85, 7.8, -2.7],
			"rotation": {"angle": -22.5, "axis": "x", "origin": [8, 8, 4]},
			"faces": {
				"north": {"uv": [9.5, 1.75, 9.8125, 1.875], "texture": "#2"},
				"east": {"uv": [1.5, 9.75, 1.625, 9.875], "texture": "#2"},
				"south": {"uv": [2.5, 9.5, 2.8125, 9.625], "texture": "#2"},
				"west": {"uv": [2, 9.75, 2.125, 9.875], "texture": "#2"},
				"up": {"uv": [3.3125, 9.625, 3, 9.5], "texture": "#2"},
				"down": {"uv": [9.8125, 3.25, 9.5, 3.375], "texture": "#2"}
			}
		},
		{
			"from": [3.7, 7, -4.2],
			"to": [3.7, 8, -3.2],
			"rotation": {"angle": -22.5, "axis": "x", "origin": [8, 8, 4]},
			"faces": {
				"north": {"uv": [0, 0, 0, 0.25], "texture": "#2"},
				"east": {"uv": [5, 9.25, 5.25, 9.5], "texture": "#2"},
				"south": {"uv": [0, 0, 0, 0.25], "texture": "#2"},
				"west": {"uv": [5.25, 9.25, 5.5, 9.5], "texture": "#2"},
				"up": {"uv": [0, 0.25, 0, 0], "texture": "#2"},
				"down": {"uv": [0, 0, 0, 0.25], "texture": "#2"}
			}
		},
		{
			"from": [4.2, 7, -4.2],
			"to": [4.2, 8, -3.2],
			"rotation": {"angle": -22.5, "axis": "x", "origin": [8, 8, 4]},
			"faces": {
				"north": {"uv": [0, 0, 0, 0.25], "texture": "#2"},
				"east": {"uv": [5.5, 9.25, 5.75, 9.5], "texture": "#2"},
				"south": {"uv": [0, 0, 0, 0.25], "texture": "#2"},
				"west": {"uv": [9.25, 5.5, 9.5, 5.75], "texture": "#2"},
				"up": {"uv": [0, 0.25, 0, 0], "texture": "#2"},
				"down": {"uv": [0, 0, 0, 0.25], "texture": "#2"}
			}
		},
		{
			"from": [4.7, 7, -4.2],
			"to": [4.7, 8, -3.2],
			"rotation": {"angle": -22.5, "axis": "x", "origin": [8, 8, 4]},
			"faces": {
				"north": {"uv": [0, 0, 0, 0.25], "texture": "#2"},
				"east": {"uv": [5.75, 9.25, 6, 9.5], "texture": "#2"},
				"south": {"uv": [0, 0, 0, 0.25], "texture": "#2"},
				"west": {"uv": [9.25, 5.75, 9.5, 6], "texture": "#2"},
				"up": {"uv": [0, 0.25, 0, 0], "texture": "#2"},
				"down": {"uv": [0, 0, 0, 0.25], "texture": "#2"}
			}
		},
		{
			"from": [9.5, 9, 3],
			"to": [9.5, 10, 4],
			"rotation": {"angle": 45, "axis": "x", "origin": [8, 8, 4]},
			"faces": {
				"north": {"uv": [0, 0, 0, 0.25], "texture": "#2"},
				"east": {"uv": [6, 9.25, 6.25, 9.5], "texture": "#2"},
				"south": {"uv": [0, 0, 0, 0.25], "texture": "#2"},
				"west": {"uv": [6.25, 9.25, 6.5, 9.5], "texture": "#2"},
				"up": {"uv": [0, 0.25, 0, 0], "texture": "#2"},
				"down": {"uv": [0, 0, 0, 0.25], "texture": "#2"}
			}
		},
		{
			"from": [6.5, 9, 3],
			"to": [6.5, 10, 4],
			"rotation": {"angle": 45, "axis": "x", "origin": [8, 8, 4]},
			"faces": {
				"north": {"uv": [0, 0, 0, 0.25], "texture": "#2"},
				"east": {"uv": [6.5, 9.25, 6.75, 9.5], "texture": "#2"},
				"south": {"uv": [0, 0, 0, 0.25], "texture": "#2"},
				"west": {"uv": [6.75, 9.25, 7, 9.5], "texture": "#2"},
				"up": {"uv": [0, 0.25, 0, 0], "texture": "#2"},
				"down": {"uv": [0, 0, 0, 0.25], "texture": "#2"}
			}
		},
		{
			"from": [9.5, 9, 1],
			"to": [9.5, 10, 2],
			"rotation": {"angle": 45, "axis": "x", "origin": [8, 8, 4]},
			"faces": {
				"north": {"uv": [0, 0, 0, 0.25], "texture": "#2"},
				"east": {"uv": [9.25, 6.75, 9.5, 7], "texture": "#2"},
				"south": {"uv": [0, 0, 0, 0.25], "texture": "#2"},
				"west": {"uv": [7, 9.25, 7.25, 9.5], "texture": "#2"},
				"up": {"uv": [0, 0.25, 0, 0], "texture": "#2"},
				"down": {"uv": [0, 0, 0, 0.25], "texture": "#2"}
			}
		},
		{
			"from": [6.5, 9, 1],
			"to": [6.5, 10, 2],
			"rotation": {"angle": 45, "axis": "x", "origin": [8, 8, 4]},
			"faces": {
				"north": {"uv": [0, 0, 0, 0.25], "texture": "#2"},
				"east": {"uv": [9.25, 7, 9.5, 7.25], "texture": "#2"},
				"south": {"uv": [0, 0, 0, 0.25], "texture": "#2"},
				"west": {"uv": [7.25, 9.25, 7.5, 9.5], "texture": "#2"},
				"up": {"uv": [0, 0.25, 0, 0], "texture": "#2"},
				"down": {"uv": [0, 0, 0, 0.25], "texture": "#2"}
			}
		},
		{
			"from": [5.5, 10, -0.5],
			"to": [10.5, 12.5, 3.5],
			"rotation": {"angle": -22.5, "axis": "x", "origin": [8, 8, 4]},
			"faces": {
				"north": {"uv": [0, 7, 1.25, 7.625], "texture": "#2"},
				"east": {"uv": [7.25, 6, 8.25, 6.625], "texture": "#2"},
				"south": {"uv": [7, 0, 8.25, 0.625], "texture": "#2"},
				"west": {"uv": [7.25, 6.75, 8.25, 7.375], "texture": "#2"},
				"up": {"uv": [7, 4.75, 5.75, 3.75], "texture": "#2"},
				"down": {"uv": [6.25, 6, 5, 7], "texture": "#2"}
			}
		},
		{
			"from": [5.5, 11, -4.5],
			"to": [10.5, 16, 0],
			"rotation": {"angle": 0, "axis": "x", "origin": [8, 8, 4]},
			"faces": {
				"north": {"uv": [5.25, 4.75, 6.5, 6], "texture": "#2"},
				"east": {"uv": [5.75, 0, 6.875, 1.25], "texture": "#2"},
				"south": {"uv": [0, 5.75, 1.25, 7], "texture": "#2"},
				"west": {"uv": [1.25, 5.75, 2.375, 7], "texture": "#2"},
				"up": {"uv": [7, 2.375, 5.75, 1.25], "texture": "#2"},
				"down": {"uv": [7, 2.5, 5.75, 3.625], "texture": "#2"}
			}
		},
		{
			"from": [5.75, 11, -4.5],
			"to": [10.25, 12, 0],
			"rotation": {"angle": -22.5, "axis": "x", "origin": [8, 11, 0]},
			"faces": {
				"north": {"uv": [8.25, 0.25, 9.375, 0.5], "texture": "#2"},
				"east": {"uv": [8.25, 0.5, 9.375, 0.75], "texture": "#2"},
				"south": {"uv": [3.75, 8.25, 4.875, 8.5], "texture": "#2"},
				"west": {"uv": [8.25, 6, 9.375, 6.25], "texture": "#2"},
				"up": {"uv": [3.625, 7.125, 2.5, 6], "texture": "#2"},
				"down": {"uv": [4.875, 6, 3.75, 7.125], "texture": "#2"}
			}
		},
		{
			"from": [6.249, 10.999, -7.501],
			"to": [9.751, 11.901, -2.999],
			"rotation": {"angle": -22.5, "axis": "x", "origin": [8, 11, 0]},
			"faces": {
				"north": {"uv": [2.5, 5.75, 3.375, 6], "texture": "#2"},
				"east": {"uv": [8.25, 6.25, 9.375, 6.5], "texture": "#2"},
				"south": {"uv": [8.5, 4.25, 9.375, 4.5], "texture": "#2"},
				"west": {"uv": [8.25, 6.5, 9.375, 6.75], "texture": "#2"},
				"up": {"uv": [7.125, 7.125, 6.25, 6], "texture": "#2"},
				"down": {"uv": [7.375, 4.75, 6.5, 5.875], "texture": "#2"}
			}
		},
		{
			"from": [10.1, 12, -3.5],
			"to": [10.1, 13, 0],
			"rotation": {"angle": -22.5, "axis": "x", "origin": [8, 11, 0]},
			"faces": {
				"north": {"uv": [0, 0, 0, 0.25], "texture": "#2"},
				"east": {"uv": [8.5, 4.5, 9.375, 4.75], "texture": "#2"},
				"south": {"uv": [0, 0, 0, 0.25], "texture": "#2"},
				"west": {"uv": [8.5, 4.75, 9.375, 5], "texture": "#2"},
				"up": {"uv": [0, 0.875, 0, 0], "texture": "#2"},
				"down": {"uv": [0, 0, 0, 0.875], "texture": "#2"}
			}
		},
		{
			"from": [5.9, 12, -3.5],
			"to": [5.9, 13, 0],
			"rotation": {"angle": -22.5, "axis": "x", "origin": [8, 11, 0]},
			"faces": {
				"north": {"uv": [0, 0, 0, 0.25], "texture": "#2"},
				"east": {"uv": [8.5, 5, 9.375, 5.25], "texture": "#2"},
				"south": {"uv": [0, 0, 0, 0.25], "texture": "#2"},
				"west": {"uv": [8.5, 5.25, 9.375, 5.5], "texture": "#2"},
				"up": {"uv": [0, 0.875, 0, 0], "texture": "#2"},
				"down": {"uv": [0, 0, 0, 0.875], "texture": "#2"}
			}
		},
		{
			"from": [6.249, 10.999, -7.501],
			"to": [9.751, 14.001, -3.999],
			"rotation": {"angle": 0, "axis": "y", "origin": [8, 8, 4]},
			"faces": {
				"north": {"uv": [5, 7, 5.875, 7.75], "texture": "#2"},
				"east": {"uv": [2.25, 7.25, 3.125, 8], "texture": "#2"},
				"south": {"uv": [3.25, 7.25, 4.125, 8], "texture": "#2"},
				"west": {"uv": [6, 7.25, 6.875, 8], "texture": "#2"},
				"up": {"uv": [7.875, 1.625, 7, 0.75], "texture": "#2"},
				"down": {"uv": [2.125, 7, 1.25, 7.875], "texture": "#2"}
			}
		},
		{
			"from": [8.25, 14, -4.6],
			"to": [9.75, 15, -3.1],
			"rotation": {"angle": 0, "axis": "y", "origin": [8, 8, 4]},
			"faces": {
				"north": {"uv": [8.75, 7.75, 9.125, 8], "texture": "#2"},
				"east": {"uv": [2.5, 9, 2.875, 9.25], "texture": "#2"},
				"south": {"uv": [5, 9, 5.375, 9.25], "texture": "#2"},
				"west": {"uv": [5.5, 9, 5.875, 9.25], "texture": "#2"},
				"up": {"uv": [1.375, 9.125, 1, 8.75], "texture": "#2"},
				"down": {"uv": [9.125, 1, 8.75, 1.375], "texture": "#2"}
			}
		},
		{
			"from": [6.25, 14, -4.6],
			"to": [7.75, 15, -3.1],
			"rotation": {"angle": 0, "axis": "y", "origin": [8, 8, 4]},
			"faces": {
				"north": {"uv": [7.5, 9, 7.875, 9.25], "texture": "#2"},
				"east": {"uv": [8, 9, 8.375, 9.25], "texture": "#2"},
				"south": {"uv": [9, 8.25, 9.375, 8.5], "texture": "#2"},
				"west": {"uv": [8.5, 9, 8.875, 9.25], "texture": "#2"},
				"up": {"uv": [1.875, 9.125, 1.5, 8.75], "texture": "#2"},
				"down": {"uv": [9.125, 1.5, 8.75, 1.875], "texture": "#2"}
			}
		},
		{
			"from": [9.249, 13.999, -2.601],
			"to": [9.751, 17.001, -1.099],
			"rotation": {"angle": 0, "axis": "y", "origin": [8, 8, 4]},
			"faces": {
				"north": {"uv": [9, 8.5, 9.125, 9.25], "texture": "#2"},
				"east": {"uv": [5, 8.25, 5.375, 9], "texture": "#2"},
				"south": {"uv": [0, 9.25, 0.125, 10], "texture": "#2"},
				"west": {"uv": [5.5, 8.25, 5.875, 9], "texture": "#2"},
				"up": {"uv": [9.375, 7.875, 9.25, 7.5], "texture": "#2"},
				"down": {"uv": [7.875, 9.25, 7.75, 9.625], "texture": "#2"}
			}
		},
		{
			"from": [6.249, 13.999, -2.601],
			"to": [6.751, 17.001, -1.099],
			"rotation": {"angle": 0, "axis": "y", "origin": [8, 8, 4]},
			"faces": {
				"north": {"uv": [0.25, 9.25, 0.375, 10], "texture": "#2"},
				"east": {"uv": [8.25, 6.75, 8.625, 7.5], "texture": "#2"},
				"south": {"uv": [0.5, 9.25, 0.625, 10], "texture": "#2"},
				"west": {"uv": [7.5, 8.25, 7.875, 9], "texture": "#2"},
				"up": {"uv": [8.125, 9.625, 8, 9.25], "texture": "#2"},
				"down": {"uv": [8.375, 9.25, 8.25, 9.625], "texture": "#2"}
			}
		},
		{
			"from": [9.24996, 13.69996, -5.50004],
			"to": [9.75004, 14.90004, -3.99996],
			"rotation": {"angle": 22.5, "axis": "x", "origin": [8, 8, 4]},
			"faces": {
				"north": {"uv": [3.5, 9.5, 3.625, 9.8125], "texture": "#2"},
				"east": {"uv": [3, 8.75, 3.375, 9.0625], "texture": "#2"},
				"south": {"uv": [9.5, 3.5, 9.625, 3.8125], "texture": "#2"},
				"west": {"uv": [8.75, 3.25, 9.125, 3.5625], "texture": "#2"},
				"up": {"uv": [8.625, 9.625, 8.5, 9.25], "texture": "#2"},
				"down": {"uv": [9.375, 8.5, 9.25, 8.875], "texture": "#2"}
			}
		},
		{
			"from": [6.24996, 13.69996, -5.50004],
			"to": [6.75004, 14.90004, -3.99996],
			"rotation": {"angle": 22.5, "axis": "x", "origin": [8, 8, 4]},
			"faces": {
				"north": {"uv": [4, 9.5, 4.125, 9.8125], "texture": "#2"},
				"east": {"uv": [8.75, 3.75, 9.125, 4.0625], "texture": "#2"},
				"south": {"uv": [9.5, 4, 9.625, 4.3125], "texture": "#2"},
				"west": {"uv": [6, 8.75, 6.375, 9.0625], "texture": "#2"},
				"up": {"uv": [8.875, 9.625, 8.75, 9.25], "texture": "#2"},
				"down": {"uv": [9.125, 9.25, 9, 9.625], "texture": "#2"}
			}
		},
		{
			"from": [9.25, 10.7, -7.3],
			"to": [9.75, 11.9, -6.1],
			"rotation": {"angle": 45, "axis": "x", "origin": [8, 8, 4]},
			"faces": {
				"north": {"uv": [4.25, 9.5, 4.375, 9.8125], "texture": "#2"},
				"east": {"uv": [6.5, 8.75, 6.8125, 9.0625], "texture": "#2"},
				"south": {"uv": [9.5, 4.5, 9.625, 4.8125], "texture": "#2"},
				"west": {"uv": [8.75, 6.75, 9.0625, 7.0625], "texture": "#2"},
				"up": {"uv": [5.125, 9.8125, 5, 9.5], "texture": "#2"},
				"down": {"uv": [9.625, 5, 9.5, 5.3125], "texture": "#2"}
			}
		},
		{
			"from": [6.25, 10.7, -7.3],
			"to": [6.75, 11.9, -6.1],
			"rotation": {"angle": 45, "axis": "x", "origin": [8, 8, 4]},
			"faces": {
				"north": {"uv": [5.25, 9.5, 5.375, 9.8125], "texture": "#2"},
				"east": {"uv": [7, 8.75, 7.3125, 9.0625], "texture": "#2"},
				"south": {"uv": [5.5, 9.5, 5.625, 9.8125], "texture": "#2"},
				"west": {"uv": [8.75, 7.25, 9.0625, 7.5625], "texture": "#2"},
				"up": {"uv": [9.625, 5.8125, 9.5, 5.5], "texture": "#2"},
				"down": {"uv": [5.875, 9.5, 5.75, 9.8125], "texture": "#2"}
			}
		},
		{
			"from": [6.5, 11, -8],
			"to": [9.5, 13.75, -7.5],
			"rotation": {"angle": 0, "axis": "y", "origin": [8, 8, 4]},
			"faces": {
				"north": {"uv": [8, 0.75, 8.75, 1.4375], "texture": "#2"},
				"east": {"uv": [9.25, 1.25, 9.375, 1.9375], "texture": "#2"},
				"south": {"uv": [1.5, 8, 2.25, 8.6875], "texture": "#2"},
				"west": {"uv": [1.75, 9.25, 1.875, 9.9375], "texture": "#2"},
				"up": {"uv": [1.75, 9.375, 1, 9.25], "texture": "#2"},
				"down": {"uv": [10, 1, 9.25, 1.125], "texture": "#2"}
			}
		},
		{
			"from": [6.65, 10.5, -7.5],
			"to": [9.4, 11, -7.5],
			"rotation": {"angle": 0, "axis": "y", "origin": [8, 8, 4]},
			"faces": {
				"north": {"uv": [2.5, 9.25, 3.1875, 9.375], "texture": "#2"},
				"east": {"uv": [0, 0, 0, 0.125], "texture": "#2"},
				"south": {"uv": [9.25, 2.75, 9.9375, 2.875], "texture": "#2"},
				"west": {"uv": [0, 0, 0, 0.125], "texture": "#2"},
				"up": {"uv": [0.6875, 0, 0, 0], "texture": "#2"},
				"down": {"uv": [0.6875, 0, 0, 0], "texture": "#2"}
			}
		},
		{
			"from": [9.4, 10.5, -7.5],
			"to": [9.4, 11, -3.5],
			"rotation": {"angle": 0, "axis": "y", "origin": [8, 8, 4]},
			"faces": {
				"north": {"uv": [0, 0, 0, 0.125], "texture": "#2"},
				"east": {"uv": [2, 8.75, 3, 8.875], "texture": "#2"},
				"south": {"uv": [0, 0, 0, 0.125], "texture": "#2"},
				"west": {"uv": [8.75, 2, 9.75, 2.125], "texture": "#2"},
				"up": {"uv": [0, 1, 0, 0], "texture": "#2"},
				"down": {"uv": [0, 0, 0, 1], "texture": "#2"}
			}
		},
		{
			"from": [6.65, 10.5, -7.5],
			"to": [6.65, 11, -3.5],
			"rotation": {"angle": 0, "axis": "y", "origin": [8, 8, 4]},
			"faces": {
				"north": {"uv": [0, 0, 0, 0.125], "texture": "#2"},
				"east": {"uv": [8.75, 2.25, 9.75, 2.375], "texture": "#2"},
				"south": {"uv": [0, 0, 0, 0.125], "texture": "#2"},
				"west": {"uv": [8.75, 2.5, 9.75, 2.625], "texture": "#2"},
				"up": {"uv": [0, 1, 0, 0], "texture": "#2"},
				"down": {"uv": [0, 0, 0, 1], "texture": "#2"}
			}
		},
		{
			"from": [7.85, 12, -7],
			"to": [8.05, 14.75, -5.5],
			"rotation": {"angle": 0, "axis": "y", "origin": [8, 8, 4]},
			"faces": {
				"north": {"uv": [9.25, 9, 9.3125, 9.6875], "texture": "#2"},
				"east": {"uv": [8, 8.25, 8.375, 8.9375], "texture": "#2"},
				"south": {"uv": [9.5, 0.25, 9.5625, 0.9375], "texture": "#2"},
				"west": {"uv": [0, 8.5, 0.375, 9.1875], "texture": "#2"},
				"up": {"uv": [9.5625, 8.875, 9.5, 8.5], "texture": "#2"},
				"down": {"uv": [9.5625, 9, 9.5, 9.375], "texture": "#2"}
			}
		},
		{
			"from": [4.85, 13, -3],
			"to": [11.05, 14.75, -1.5],
			"rotation": {"angle": 0, "axis": "y", "origin": [8, 8, 4]},
			"faces": {
				"north": {"uv": [7, 3.25, 8.5625, 3.6875], "texture": "#2"},
				"east": {"uv": [7, 4.25, 7.375, 4.6875], "texture": "#2"},
				"south": {"uv": [7, 3.75, 8.5625, 4.1875], "texture": "#2"},
				"west": {"uv": [4.25, 7.25, 4.625, 7.6875], "texture": "#2"},
				"up": {"uv": [8.5625, 7.875, 7, 7.5], "texture": "#2"},
				"down": {"uv": [5.8125, 7.75, 4.25, 8.125], "texture": "#2"}
			}
		},
		{
			"from": [4.5, 13.56, -2.75],
			"to": [11.5, 14.56, -1.75],
			"rotation": {"angle": 0, "axis": "y", "origin": [8, 8, 4]},
			"faces": {
				"north": {"uv": [7.5, 5.75, 9.25, 6], "texture": "#2"},
				"east": {"uv": [9.25, 7.25, 9.5, 7.5], "texture": "#2"},
				"south": {"uv": [8, 3, 9.75, 3.25], "texture": "#2"},
				"west": {"uv": [7.5, 9.25, 7.75, 9.5], "texture": "#2"},
				"up": {"uv": [9.25, 8.25, 7.5, 8], "texture": "#2"},
				"down": {"uv": [10, 0, 8.25, 0.25], "texture": "#2"}
			}
		},
		{
			"from": [7.85, 14, -3],
			"to": [8.05, 16.75, -1.5],
			"rotation": {"angle": 0, "axis": "y", "origin": [8, 8, 4]},
			"faces": {
				"north": {"uv": [0.75, 9.5, 0.8125, 10.1875], "texture": "#2"},
				"east": {"uv": [3.75, 8.5, 4.125, 9.1875], "texture": "#2"},
				"south": {"uv": [1, 9.5, 1.0625, 10.1875], "texture": "#2"},
				"west": {"uv": [4.25, 8.5, 4.625, 9.1875], "texture": "#2"},
				"up": {"uv": [9.5625, 9.875, 9.5, 9.5], "texture": "#2"},
				"down": {"uv": [9.8125, 0.25, 9.75, 0.625], "texture": "#2"}
			}
		},
		{
			"from": [6, 10, -1.5],
			"to": [10, 12.5, 1.5],
			"rotation": {"angle": 0, "axis": "x", "origin": [8, 8, 4]},
			"faces": {
				"north": {"uv": [7.5, 4.25, 8.5, 4.875], "texture": "#2"},
				"east": {"uv": [6, 8, 6.75, 8.625], "texture": "#2"},
				"south": {"uv": [7.5, 5, 8.5, 5.625], "texture": "#2"},
				"west": {"uv": [6.75, 8, 7.5, 8.625], "texture": "#2"},
				"up": {"uv": [8, 2.5, 7, 1.75], "texture": "#2"},
				"down": {"uv": [8, 2.5, 7, 3.25], "texture": "#2"}
			}
		}
	],
	"display": {
		"thirdperson_righthand": {
			"rotation": [71.5, 0, 0],
			"translation": [8.75, -6.5, -3.75]
		},
		"thirdperson_lefthand": {
			"rotation": [71.5, 0, 0],
			"translation": [8.75, -6.5, -3.75]
		},
		"firstperson_righthand": {
			"rotation": [14.6, 12.33, -3.18],
			"translation": [-3, 2.75, 4],
			"scale": [0.5, 0.5, 0.5]
		},
		"firstperson_lefthand": {
			"rotation": [14.6, 12.33, -3.18],
			"translation": [-3, 2.75, 4],
			"scale": [0.5, 0.5, 0.5]
		},
		"ground": {
			"translation": [0, 5.5, 0]
		},
		"gui": {
			"rotation": [180, -29.75, 180],
			"scale": [0.7, 0.7, 0.7]
		},
		"head": {
			"rotation": [13.1, 7.88, -1.42],
			"translation": [-8.25, -3.25, 1.25],
			"scale": [0.75, 0.75, 0.75]
		},
		"fixed": {
			"rotation": [-90, 0, 0],
			"translation": [0, 0, -31],
			"scale": [4, 4, 4]
		}
	},
	"groups": [
		{
			"name": "leg",
			"origin": [0, 0, 0],
			"color": 0,
			"children": [0, 1, 2, 3, 4, 5, 6, 7, 8, 9, 10, 11, 12, 13, 14, 15]
		},
		{
			"name": "tail",
			"origin": [8, 8, 8],
			"color": 0,
			"children": [16, 17, 18, 19, 20, 21, 22, 23, 24, 25, 26, 27, 28, 29, 30, 31, 32, 33, 34, 35, 36, 37, 38, 39, 40]
		},
		{
			"name": "misc",
			"origin": [8, 8, 4],
			"color": 0,
			"children": [41, 42, 43, 44, 45, 46, 47, 48, 49, 50, 51, 52, 53, 54, 55, 56, 57, 58, 59, 60, 61, 62, 63, 64, 65, 66, 67, 68, 69, 70, 71, 72, 73, 74, 75, 76, 77, 78, 79, 80, 81, 82, 83, 84, 85, 86, 87]
		}
	]
}