{
	"credit": "Made with Blockbench",
	"texture_size": [64, 64],
	"textures": {
		"0": "trophies/hcs1/diamond_sword",
		"1": "trophies/hcs1/skull",
		"2": "trophies/hcs1/texture_base",
		"3": "trophies/hcs1/skull_top",
		"4": "trophies/hcs1/skull_side",
		"5": "trophies/hcs1/skull_back",
		"6": "trophies/hcs1/name",
		"7": "trophies/hcs1/skull_out",
		"8": "trophies/hcs1/skull_side_l_out",
		"9": "trophies/hcs1/skull_top_out",
		"10": "trophies/hcs1/skull_side_r_out",
		"particle": "trophies/hcs1/diamond_sword"
	},
	"elements": [
		{
			"from": [14, 1, 2],
			"to": [15, 3, 14],
			"rotation": {"angle": 22.5, "axis": "z", "origin": [15, 1, 8]},
			"faces": {
				"north": {"uv": [4.5, 6.75, 4.75, 7.25], "texture": "#2"},
				"east": {"uv": [3.5, 6, 6.5, 6.5], "texture": "#2"},
				"south": {"uv": [4.75, 6.75, 5, 7.25], "texture": "#2"},
				"west": {"uv": [6.5, 0, 9.5, 0.5], "texture": "#2"},
				"up": {"uv": [3.75, 9.75, 3.5, 6.75], "texture": "#2"},
				"down": {"uv": [4, 6.75, 3.75, 9.75], "texture": "#2"}
			}
		},
		{
			"from": [1, 0, 1],
			"to": [15, 1, 15],
			"faces": {
				"north": {"uv": [3.5, 6.5, 7, 6.75], "texture": "#2"},
				"east": {"uv": [6.5, 3.5, 10, 3.75], "texture": "#2"},
				"south": {"uv": [6.5, 3.75, 10, 4], "texture": "#2"},
				"west": {"uv": [6.5, 4, 10, 4.25], "texture": "#2"},
				"up": {"uv": [3.5, 3.5, 0, 0], "texture": "#2"},
				"down": {"uv": [3.5, 3.5, 0, 7], "texture": "#2"}
			}
		},
		{
			"from": [2, 1, 14],
			"to": [14, 3, 15],
			"rotation": {"angle": -22.5, "axis": "x", "origin": [8, 1, 15]},
			"faces": {
				"north": {"uv": [6.5, 0.5, 9.5, 1], "texture": "#2"},
				"east": {"uv": [5, 6.75, 5.25, 7.25], "texture": "#2"},
				"south": {"uv": [6.5, 1, 9.5, 1.5], "texture": "#2"},
				"west": {"uv": [5.25, 6.75, 5.5, 7.25], "texture": "#2"},
				"up": {"uv": [9.5, 4.5, 6.5, 4.25], "texture": "#2"},
				"down": {"uv": [9.5, 4.5, 6.5, 4.75], "texture": "#2"}
			}
		},
		{
			"from": [1, 1, 2],
			"to": [2, 3, 14],
			"rotation": {"angle": -22.5, "axis": "z", "origin": [1, 1, 8]},
			"faces": {
				"north": {"uv": [5.5, 6.75, 5.75, 7.25], "texture": "#2"},
				"east": {"uv": [6.5, 1.5, 9.5, 2], "texture": "#2"},
				"south": {"uv": [5.75, 6.75, 6, 7.25], "texture": "#2"},
				"west": {"uv": [6.5, 2, 9.5, 2.5], "texture": "#2"},
				"up": {"uv": [4.25, 9.75, 4, 6.75], "texture": "#2"},
				"down": {"uv": [4.5, 6.75, 4.25, 9.75], "texture": "#2"}
			}
		},
		{
			"from": [2, 2, 2],
			"to": [14, 3, 14],
			"faces": {
				"north": {"uv": [6.5, 4.75, 9.5, 5], "texture": "#2"},
				"east": {"uv": [6.5, 5, 9.5, 5.25], "texture": "#2"},
				"south": {"uv": [6.5, 5.25, 9.5, 5.5], "texture": "#2"},
				"west": {"uv": [6.5, 5.5, 9.5, 5.75], "texture": "#2"},
				"up": {"uv": [6.5, 3, 3.5, 0], "texture": "#2"},
				"down": {"uv": [6.5, 3, 3.5, 6], "texture": "#2"}
			}
		},
		{
			"name": "diamond_sword_0",
			"from": [9, 2, 11],
			"to": [12, 5, 12],
			"rotation": {"angle": -22.5, "axis": "z", "origin": [6, 8, 11]},
			"faces": {
				"north": {"uv": [13, 0, 16, 3], "rotation": 180, "texture": "#0"},
				"east": {"uv": [15, 0, 16, 3], "rotation": 180, "texture": "#0"},
				"south": {"uv": [13, 3, 16, 0], "texture": "#0"},
				"west": {"uv": [13, 0, 14, 3], "rotation": 180, "texture": "#0"},
				"up": {"uv": [13, 2, 16, 3], "texture": "#0"},
				"down": {"uv": [16, 0, 13, 1], "rotation": 180, "texture": "#0"}
			}
		},
		{
			"name": "diamond_sword_1",
			"from": [8, 3, 11],
			"to": [9, 8, 12],
			"rotation": {"angle": -22.5, "axis": "z", "origin": [6, 8, 11]},
			"faces": {
				"north": {"uv": [12, 1, 13, 6], "rotation": 180, "texture": "#0"},
				"east": {"uv": [12, 1, 13, 6], "rotation": 180, "texture": "#0"},
				"south": {"uv": [12, 6, 13, 1], "texture": "#0"},
				"west": {"uv": [12, 1, 13, 6], "rotation": 180, "texture": "#0"},
				"up": {"uv": [12, 5, 13, 6], "texture": "#0"},
				"down": {"uv": [13, 1, 12, 2], "rotation": 180, "texture": "#0"}
			}
		},
		{
			"name": "diamond_sword_2",
			"from": [7, 4, 11],
			"to": [8, 9, 12],
			"rotation": {"angle": -22.5, "axis": "z", "origin": [6, 8, 11]},
			"faces": {
				"north": {"uv": [11, 2, 12, 7], "rotation": 180, "texture": "#0"},
				"east": {"uv": [11, 2, 12, 7], "rotation": 180, "texture": "#0"},
				"south": {"uv": [11, 7, 12, 2], "texture": "#0"},
				"west": {"uv": [11, 2, 12, 7], "rotation": 180, "texture": "#0"},
				"up": {"uv": [11, 6, 12, 7], "texture": "#0"},
				"down": {"uv": [12, 2, 11, 3], "rotation": 180, "texture": "#0"}
			}
		},
		{
			"name": "diamond_sword_3",
			"from": [6, 5, 11],
			"to": [7, 10, 12],
			"rotation": {"angle": -22.5, "axis": "z", "origin": [6, 8, 11]},
			"faces": {
				"north": {"uv": [10, 3, 11, 8], "rotation": 180, "texture": "#0"},
				"east": {"uv": [10, 3, 11, 8], "rotation": 180, "texture": "#0"},
				"south": {"uv": [10, 8, 11, 3], "texture": "#0"},
				"west": {"uv": [10, 3, 11, 8], "rotation": 180, "texture": "#0"},
				"up": {"uv": [10, 7, 11, 8], "texture": "#0"},
				"down": {"uv": [11, 3, 10, 4], "rotation": 180, "texture": "#0"}
			}
		},
		{
			"name": "diamond_sword_4",
			"from": [9, 5, 11],
			"to": [11, 6, 12],
			"rotation": {"angle": -22.5, "axis": "z", "origin": [6, 8, 11]},
			"faces": {
				"north": {"uv": [13, 3, 15, 4], "rotation": 180, "texture": "#0"},
				"east": {"uv": [14, 3, 15, 4], "rotation": 180, "texture": "#0"},
				"south": {"uv": [13, 4, 15, 3], "texture": "#0"},
				"west": {"uv": [13, 3, 14, 4], "rotation": 180, "texture": "#0"},
				"up": {"uv": [13, 3, 15, 4], "texture": "#0"},
				"down": {"uv": [15, 3, 13, 4], "rotation": 180, "texture": "#0"}
			}
		},
		{
			"name": "diamond_sword_5",
			"from": [5, 6, 11],
			"to": [6, 11, 12],
			"rotation": {"angle": -22.5, "axis": "z", "origin": [6, 8, 11]},
			"faces": {
				"north": {"uv": [9, 4, 10, 9], "rotation": 180, "texture": "#0"},
				"east": {"uv": [9, 4, 10, 9], "rotation": 180, "texture": "#0"},
				"south": {"uv": [9, 9, 10, 4], "texture": "#0"},
				"west": {"uv": [9, 4, 10, 9], "rotation": 180, "texture": "#0"},
				"up": {"uv": [9, 8, 10, 9], "texture": "#0"},
				"down": {"uv": [10, 4, 9, 5], "rotation": 180, "texture": "#0"}
			}
		},
		{
			"name": "diamond_sword_6",
			"from": [9, 6, 11],
			"to": [10, 7, 12],
			"rotation": {"angle": -22.5, "axis": "z", "origin": [6, 8, 11]},
			"faces": {
				"north": {"uv": [13, 4, 14, 5], "rotation": 180, "texture": "#0"},
				"east": {"uv": [13, 4, 14, 5], "rotation": 180, "texture": "#0"},
				"south": {"uv": [13, 5, 14, 4], "texture": "#0"},
				"west": {"uv": [13, 4, 14, 5], "rotation": 180, "texture": "#0"},
				"up": {"uv": [13, 4, 14, 5], "texture": "#0"},
				"down": {"uv": [14, 4, 13, 5], "rotation": 180, "texture": "#0"}
			}
		},
		{
			"name": "diamond_sword_7",
			"from": [4, 7, 11],
			"to": [5, 12, 12],
			"rotation": {"angle": -22.5, "axis": "z", "origin": [6, 8, 11]},
			"faces": {
				"north": {"uv": [8, 5, 9, 10], "rotation": 180, "texture": "#0"},
				"east": {"uv": [8, 5, 9, 10], "rotation": 180, "texture": "#0"},
				"south": {"uv": [8, 10, 9, 5], "texture": "#0"},
				"west": {"uv": [8, 5, 9, 10], "rotation": 180, "texture": "#0"},
				"up": {"uv": [8, 9, 9, 10], "texture": "#0"},
				"down": {"uv": [9, 5, 8, 6], "rotation": 180, "texture": "#0"}
			}
		},
		{
			"name": "diamond_sword_8",
			"from": [-2, 8, 11],
			"to": [0, 10, 12],
			"rotation": {"angle": -22.5, "axis": "z", "origin": [6, 8, 11]},
			"faces": {
				"north": {"uv": [2, 6, 4, 8], "rotation": 180, "texture": "#0"},
				"east": {"uv": [3, 6, 4, 8], "rotation": 180, "texture": "#0"},
				"south": {"uv": [2, 8, 4, 6], "texture": "#0"},
				"west": {"uv": [2, 6, 3, 8], "rotation": 180, "texture": "#0"},
				"up": {"uv": [2, 7, 4, 8], "texture": "#0"},
				"down": {"uv": [4, 6, 2, 7], "rotation": 180, "texture": "#0"}
			}
		},
		{
			"name": "diamond_sword_9",
			"from": [3, 8, 11],
			"to": [4, 15, 12],
			"rotation": {"angle": -22.5, "axis": "z", "origin": [6, 8, 11]},
			"faces": {
				"north": {"uv": [7, 6, 8, 13], "rotation": 180, "texture": "#0"},
				"east": {"uv": [7, 6, 8, 13], "rotation": 180, "texture": "#0"},
				"south": {"uv": [7, 13, 8, 6], "texture": "#0"},
				"west": {"uv": [7, 6, 8, 13], "rotation": 180, "texture": "#0"},
				"up": {"uv": [7, 12, 8, 13], "texture": "#0"},
				"down": {"uv": [8, 6, 7, 7], "rotation": 180, "texture": "#0"}
			}
		},
		{
			"name": "diamond_sword_10",
			"from": [0, 9, 11],
			"to": [1, 15, 12],
			"rotation": {"angle": -22.5, "axis": "z", "origin": [6, 8, 11]},
			"faces": {
				"north": {"uv": [4, 7, 5, 13], "rotation": 180, "texture": "#0"},
				"east": {"uv": [4, 7, 5, 13], "rotation": 180, "texture": "#0"},
				"south": {"uv": [4, 13, 5, 7], "texture": "#0"},
				"west": {"uv": [4, 7, 5, 13], "rotation": 180, "texture": "#0"},
				"up": {"uv": [4, 12, 5, 13], "texture": "#0"},
				"down": {"uv": [5, 7, 4, 8], "rotation": 180, "texture": "#0"}
			}
		},
		{
			"name": "diamond_sword_11",
			"from": [2, 9, 11],
			"to": [3, 15, 12],
			"rotation": {"angle": -22.5, "axis": "z", "origin": [6, 8, 11]},
			"faces": {
				"north": {"uv": [6, 7, 7, 13], "rotation": 180, "texture": "#0"},
				"east": {"uv": [6, 7, 7, 13], "rotation": 180, "texture": "#0"},
				"south": {"uv": [6, 13, 7, 7], "texture": "#0"},
				"west": {"uv": [6, 7, 7, 13], "rotation": 180, "texture": "#0"},
				"up": {"uv": [6, 12, 7, 13], "texture": "#0"},
				"down": {"uv": [7, 7, 6, 8], "rotation": 180, "texture": "#0"}
			}
		},
		{
			"name": "diamond_sword_12",
			"from": [-1, 10, 11],
			"to": [0, 12, 12],
			"rotation": {"angle": -22.5, "axis": "z", "origin": [6, 8, 11]},
			"faces": {
				"north": {"uv": [3, 8, 4, 10], "rotation": 180, "texture": "#0"},
				"east": {"uv": [3, 8, 4, 10], "rotation": 180, "texture": "#0"},
				"south": {"uv": [3, 10, 4, 8], "texture": "#0"},
				"west": {"uv": [3, 8, 4, 10], "rotation": 180, "texture": "#0"},
				"up": {"uv": [3, 9, 4, 10], "texture": "#0"},
				"down": {"uv": [4, 8, 3, 9], "rotation": 180, "texture": "#0"}
			}
		},
		{
			"name": "diamond_sword_13",
			"from": [1, 10, 11],
			"to": [2, 14, 12],
			"rotation": {"angle": -22.5, "axis": "z", "origin": [6, 8, 11]},
			"faces": {
				"north": {"uv": [5, 8, 6, 12], "rotation": 180, "texture": "#0"},
				"east": {"uv": [5, 8, 6, 12], "rotation": 180, "texture": "#0"},
				"south": {"uv": [5, 12, 6, 8], "texture": "#0"},
				"west": {"uv": [5, 8, 6, 12], "rotation": 180, "texture": "#0"},
				"up": {"uv": [5, 11, 6, 12], "texture": "#0"},
				"down": {"uv": [6, 8, 5, 9], "rotation": 180, "texture": "#0"}
			}
		},
		{
			"name": "diamond_sword_14",
			"from": [-1, 13, 11],
			"to": [0, 16, 12],
			"rotation": {"angle": -22.5, "axis": "z", "origin": [6, 8, 11]},
			"faces": {
				"north": {"uv": [3, 11, 4, 14], "rotation": 180, "texture": "#0"},
				"east": {"uv": [3, 11, 4, 14], "rotation": 180, "texture": "#0"},
				"south": {"uv": [3, 14, 4, 11], "texture": "#0"},
				"west": {"uv": [3, 11, 4, 14], "rotation": 180, "texture": "#0"},
				"up": {"uv": [3, 13, 4, 14], "texture": "#0"},
				"down": {"uv": [4, 11, 3, 12], "rotation": 180, "texture": "#0"}
			}
		},
		{
			"name": "diamond_sword_15",
			"from": [4, 13, 11],
			"to": [5, 16, 12],
			"rotation": {"angle": -22.5, "axis": "z", "origin": [6, 8, 11]},
			"faces": {
				"north": {"uv": [8, 11, 9, 14], "rotation": 180, "texture": "#0"},
				"east": {"uv": [8, 11, 9, 14], "rotation": 180, "texture": "#0"},
				"south": {"uv": [8, 14, 9, 11], "texture": "#0"},
				"west": {"uv": [8, 11, 9, 14], "rotation": 180, "texture": "#0"},
				"up": {"uv": [8, 13, 9, 14], "texture": "#0"},
				"down": {"uv": [9, 11, 8, 12], "rotation": 180, "texture": "#0"}
			}
		},
		{
			"name": "diamond_sword_16",
			"from": [-2, 14, 11],
			"to": [-1, 18, 12],
			"rotation": {"angle": -22.5, "axis": "z", "origin": [6, 8, 11]},
			"faces": {
				"north": {"uv": [2, 12, 3, 16], "rotation": 180, "texture": "#0"},
				"east": {"uv": [2, 12, 3, 16], "rotation": 180, "texture": "#0"},
				"south": {"uv": [2, 16, 3, 12], "texture": "#0"},
				"west": {"uv": [2, 12, 3, 16], "rotation": 180, "texture": "#0"},
				"up": {"uv": [2, 15, 3, 16], "texture": "#0"},
				"down": {"uv": [3, 12, 2, 13], "rotation": 180, "texture": "#0"}
			}
		},
		{
			"name": "diamond_sword_17",
			"from": [5, 14, 11],
			"to": [6, 16, 12],
			"rotation": {"angle": -22.5, "axis": "z", "origin": [6, 8, 11]},
			"faces": {
				"north": {"uv": [9, 12, 10, 14], "rotation": 180, "texture": "#0"},
				"east": {"uv": [9, 12, 10, 14], "rotation": 180, "texture": "#0"},
				"south": {"uv": [9, 14, 10, 12], "texture": "#0"},
				"west": {"uv": [9, 12, 10, 14], "rotation": 180, "texture": "#0"},
				"up": {"uv": [9, 13, 10, 14], "texture": "#0"},
				"down": {"uv": [10, 12, 9, 13], "rotation": 180, "texture": "#0"}
			}
		},
		{
			"name": "diamond_sword_18",
			"from": [-4, 15, 11],
			"to": [-2, 18, 12],
			"rotation": {"angle": -22.5, "axis": "z", "origin": [6, 8, 11]},
			"faces": {
				"north": {"uv": [0, 13, 2, 16], "rotation": 180, "texture": "#0"},
				"east": {"uv": [1, 13, 2, 16], "rotation": 180, "texture": "#0"},
				"south": {"uv": [0, 16, 2, 13], "texture": "#0"},
				"west": {"uv": [0, 13, 1, 16], "rotation": 180, "texture": "#0"},
				"up": {"uv": [0, 15, 2, 16], "texture": "#0"},
				"down": {"uv": [2, 13, 0, 14], "rotation": 180, "texture": "#0"}
			}
		},
		{
			"name": "skull_back_0",
			"from": [5.5, 5, 10],
			"to": [10.5, 10, 10],
			"rotation": {"angle": 0, "axis": "x", "origin": [8, 4, 3]},
			"faces": {
				"north": {"uv": [0, 16, 16, 0], "rotation": 180, "texture": "#5"},
				"east": {"uv": [14, 0, 16, 16], "texture": "#5"},
				"south": {"uv": [0, 0, 16, 16], "texture": "#5"},
				"west": {"uv": [0, 0, 2, 16], "texture": "#5"},
				"up": {"uv": [16, 0, 0, 2], "rotation": 180, "texture": "#5"},
				"down": {"uv": [0, 14, 16, 16], "texture": "#5"}
			}
		},
		{
			"name": "skull_side_0",
			"from": [5.5, 5, 5],
			"to": [5.5, 10, 10],
			"rotation": {"angle": 0, "axis": "z", "origin": [3, 5, 2]},
			"faces": {
				"north": {"uv": [0, 0, 2, 16], "texture": "#4"},
				"east": {"uv": [0, 16, 16, 0], "rotation": 180, "texture": "#4"},
				"south": {"uv": [14, 0, 16, 16], "texture": "#4"},
				"west": {"uv": [0, 0, 16, 16], "texture": "#4"},
				"up": {"uv": [16, 0, 0, 2], "rotation": 270, "texture": "#4"},
				"down": {"uv": [0, 14, 16, 16], "rotation": 270, "texture": "#4"}
			}
		},
		{
			"name": "skull_side_0",
			"from": [10.5, 5, 5],
			"to": [10.5, 10, 10],
			"rotation": {"angle": 0, "axis": "y", "origin": [3, 5, 2]},
			"faces": {
				"north": {"uv": [0, 0, 2, 16], "texture": "#4"},
				"east": {"uv": [0, 16, 16, 0], "rotation": 180, "texture": "#4"},
				"south": {"uv": [14, 0, 16, 16], "texture": "#4"},
				"west": {"uv": [0, 0, 16, 16], "texture": "#4"},
				"up": {"uv": [16, 0, 0, 2], "rotation": 270, "texture": "#4"},
				"down": {"uv": [0, 14, 16, 16], "rotation": 270, "texture": "#4"}
			}
		},
		{
			"name": "skull_top_0",
			"from": [5.5, 10, 5],
			"to": [10.5, 10, 10],
			"faces": {
				"north": {"uv": [16, 0, 0, 2], "texture": "#3"},
				"east": {"uv": [14, 0, 16, 16], "rotation": 90, "texture": "#3"},
				"south": {"uv": [0, 14, 16, 16], "texture": "#3"},
				"west": {"uv": [0, 0, 2, 16], "rotation": 270, "texture": "#3"},
				"up": {"uv": [0, 0, 16, 16], "texture": "#3"},
				"down": {"uv": [0, 16, 16, 0], "texture": "#3"}
			}
		},
		{
			"name": "skull_top_0",
			"from": [5.5, 5, 5],
			"to": [10.5, 5, 10],
			"faces": {
				"north": {"uv": [16, 0, 0, 2], "texture": "#3"},
				"east": {"uv": [14, 0, 16, 16], "rotation": 90, "texture": "#3"},
				"south": {"uv": [0, 14, 16, 16], "texture": "#3"},
				"west": {"uv": [0, 0, 2, 16], "rotation": 270, "texture": "#3"},
				"up": {"uv": [0, 0, 16, 16], "texture": "#3"},
				"down": {"uv": [0, 16, 16, 0], "texture": "#3"}
			}
		},
		{
			"name": "skull_0",
			"from": [5.5, 5, 5],
			"to": [10.5, 10, 5],
			"rotation": {"angle": 0, "axis": "x", "origin": [9, 6, 8]},
			"faces": {
				"north": {"uv": [0, 16, 16, 0], "rotation": 180, "texture": "#1"},
				"east": {"uv": [14, 0, 16, 16], "texture": "#1"},
				"south": {"uv": [0, 0, 16, 16], "texture": "#1"},
				"west": {"uv": [0, 0, 2, 16], "texture": "#1"},
				"up": {"uv": [16, 0, 0, 2], "rotation": 180, "texture": "#1"},
				"down": {"uv": [0, 14, 16, 16], "texture": "#1"}
			}
		},
		{
			"name": "name_0",
			"from": [2, 1, 1],
			"to": [14, 3, 2],
			"rotation": {"angle": 22.5, "axis": "x", "origin": [8, 1, 1]},
			"faces": {
				"north": {"uv": [0, 0, 16, 16], "texture": "#6"},
				"east": {"uv": [0, 0, 0.13333, 16], "texture": "#6"},
				"south": {"uv": [0, 16, 16, 0], "rotation": 180, "texture": "#6"},
				"west": {"uv": [15.86667, 0, 16, 16], "texture": "#6"},
				"up": {"uv": [16, 0, 0, 0.8], "texture": "#6"},
				"down": {"uv": [0, 15.2, 16, 16], "rotation": 180, "texture": "#6"}
			}
		},
		{
			"name": "skull_out_0",
			"from": [5.4, 4.9, 4.9],
			"to": [10.6, 10.1, 4.9],
			"rotation": {"angle": 0, "axis": "y", "origin": [4, 0, 0]},
			"faces": {
				"north": {"uv": [0, 0, 16, 16], "texture": "#7"},
				"east": {"uv": [0, 0, 2, 16], "texture": "#7"},
				"south": {"uv": [0, 16, 16, 0], "rotation": 180, "texture": "#7"},
				"west": {"uv": [14, 0, 16, 16], "texture": "#7"},
				"up": {"uv": [16, 0, 0, 2], "texture": "#7"},
				"down": {"uv": [0, 14, 16, 16], "rotation": 180, "texture": "#7"}
			}
		},
		{
			"name": "skull_side_l_out_0",
			"from": [5.4, 4.9, 4.9],
			"to": [5.4, 10.1, 10.1],
			"rotation": {"angle": 0, "axis": "y", "origin": [3, 5, 3]},
			"faces": {
				"north": {"uv": [0, 0, 2, 16], "texture": "#8"},
				"east": {"uv": [0, 16, 16, 0], "rotation": 180, "texture": "#8"},
				"south": {"uv": [14, 0, 16, 16], "texture": "#8"},
				"west": {"uv": [0, 0, 16, 16], "texture": "#8"},
				"up": {"uv": [16, 0, 0, 2], "rotation": 270, "texture": "#8"},
				"down": {"uv": [0, 14, 16, 16], "rotation": 270, "texture": "#8"}
			}
		},
		{
			"name": "skull_top_out_0",
			"from": [5.4, 10.1, 4.9],
			"to": [10.6, 10.1, 10.1],
			"faces": {
				"north": {"uv": [0, 14, 16, 16], "texture": "#9"},
				"east": {"uv": [0, 0, 2, 16], "rotation": 270, "texture": "#9"},
				"south": {"uv": [16, 0, 0, 2], "texture": "#9"},
				"west": {"uv": [14, 0, 16, 16], "rotation": 90, "texture": "#9"},
				"up": {"uv": [0, 0, 16, 16], "rotation": 180, "texture": "#9"},
				"down": {"uv": [0, 16, 16, 0], "rotation": 180, "texture": "#9"}
			}
		},
		{
			"name": "skull_side_r_out_0",
			"from": [10.6, 4.9, 4.9],
			"to": [10.6, 10.1, 10.1],
			"rotation": {"angle": 0, "axis": "z", "origin": [9, 4, 3]},
			"faces": {
				"north": {"uv": [16, 0, 0, 2], "rotation": 270, "texture": "#10"},
				"east": {"uv": [0, 0, 16, 16], "rotation": 90, "texture": "#10"},
				"south": {"uv": [0, 14, 16, 16], "rotation": 90, "texture": "#10"},
				"west": {"uv": [0, 16, 16, 0], "rotation": 90, "texture": "#10"},
				"up": {"uv": [0, 0, 2, 16], "texture": "#10"},
				"down": {"uv": [14, 0, 16, 16], "rotation": 180, "texture": "#10"}
			}
		},
		{
			"name": "skull_side_r_out_0",
			"from": [5.4, 4.9, 4.9],
			"to": [10.6, 4.9, 10.1],
			"rotation": {"angle": 0, "axis": "z", "origin": [11, 5, 7]},
			"faces": {
				"north": {"uv": [16, 0, 0, 2], "texture": "#10"},
				"east": {"uv": [14, 0, 16, 16], "rotation": 90, "texture": "#10"},
				"south": {"uv": [0, 14, 16, 16], "texture": "#10"},
				"west": {"uv": [0, 0, 2, 16], "rotation": 270, "texture": "#10"},
				"up": {"uv": [0, 0, 16, 16], "texture": "#10"},
				"down": {"uv": [0, 16, 16, 0], "texture": "#10"}
			}
		},
		{
			"name": "skull_side_r_out_0",
			"from": [5.4, 4.9, 10.1],
			"to": [10.6, 10.1, 10.1],
			"rotation": {"angle": 0, "axis": "y", "origin": [9, 4, 3]},
			"faces": {
				"north": {"uv": [0, 16, 16, 0], "rotation": 90, "texture": "#10"},
				"east": {"uv": [16, 0, 0, 2], "rotation": 270, "texture": "#10"},
				"south": {"uv": [0, 0, 16, 16], "rotation": 90, "texture": "#10"},
				"west": {"uv": [0, 14, 16, 16], "rotation": 90, "texture": "#10"},
				"up": {"uv": [0, 0, 2, 16], "rotation": 90, "texture": "#10"},
				"down": {"uv": [14, 0, 16, 16], "rotation": 90, "texture": "#10"}
			}
		}
	],
	"display": {
		"thirdperson_righthand": {
			"rotation": [42.75, 0, 0],
			"translation": [0, 4, 0],
			"scale": [0.5, 0.5, 0.5]
		},
		"thirdperson_lefthand": {
			"rotation": [42.75, 0, 0],
			"translation": [0, 4, 0],
			"scale": [0.5, 0.5, 0.5]
		},
		"firstperson_righthand": {
			"rotation": [-180, 67.25, -180],
			"translation": [0, 5, 0],
			"scale": [0.5, 0.5, 0.5]
		},
		"firstperson_lefthand": {
			"rotation": [-180, 67.25, -180],
			"translation": [0, 5, 0],
			"scale": [0.5, 0.5, 0.5]
		},
		"ground": {
			"translation": [0, 5.75, 0],
			"scale": [0.5, 0.5, 0.5]
		},
		"gui": {
			"rotation": [180, -22.25, 180],
			"translation": [0, -1.75, 0],
			"scale": [0.7, 0.7, 0.7]
		},
		"head": {
			"translation": [0, 14, 0]
		},
		"fixed": {
			"rotation": [-90, 0, 0],
			"translation": [0, 0, -16.25],
			"scale": [2.28125, 2.28125, 2.28125]
		}
	},
	"groups": [
		{
			"name": "Base#",
			"origin": [8, 8, 8],
			"color": 0,
			"children": [0, 1, 2, 3, 4]
		},
		{
			"name": "diamond_sword",
			"origin": [8, 8, 8],
			"color": 0,
			"children": [5, 6, 7, 8, 9, 10, 11, 12, 13, 14, 15, 16, 17, 18, 19, 20, 21, 22, 23]
		},
		{
			"name": "skull",
			"origin": [8, 8, 8],
			"color": 0,
			"children": [
				{
					"name": "skull_back",
					"origin": [8, 8, 8],
					"color": 0,
					"children": [24]
				},
				{
					"name": "skull_side",
					"origin": [8, 8, 8],
					"color": 0,
					"children": [25, 26]
				},
				{
					"name": "skull_top",
					"origin": [8, 8, 8],
					"color": 0,
					"children": [27, 28]
				},
				29
			]
		},
		{
			"name": "name",
			"origin": [8, 8, 8],
			"color": 0,
			"children": [30]
		},
		{
			"name": "skull_out",
			"origin": [8, 8, 8],
			"color": 0,
			"children": [31]
		},
		{
			"name": "skull_side_l_out",
			"origin": [8, 8, 8],
			"color": 0,
			"children": [32]
		},
		{
			"name": "skull_top_out",
			"origin": [8, 8, 8],
			"color": 0,
			"children": [33]
		},
		{
			"name": "skull_side_r_out",
			"origin": [8, 8, 8],
			"color": 0,
			"children": [34, 35, 36]
		}
	]
}