{
	"credit": "Made with Blockbench",
	"textures": {
		"0": "custom/hologram/ore",
		"1": "custom/hologram/stone",
		"2": "custom/hologram/base",
		"particle": "custom/hologram/ore"
	},
	"elements": [
		{
			"from": [10, -16, 7],
			"to": [12, -15.8, 9],
			"rotation": {"angle": 22.5, "axis": "z", "origin": [10, -16, 8]},
			"faces": {
				"north": {"uv": [5, 10, 7, 11], "texture": "#2"},
				"east": {"uv": [1, 11, 3, 12], "texture": "#2"},
				"south": {"uv": [3, 11, 5, 12], "texture": "#2"},
				"west": {"uv": [5, 11, 7, 12], "texture": "#2"},
				"up": {"uv": [6, 2, 4, 0], "texture": "#2"},
				"down": {"uv": [6, 2, 4, 4], "texture": "#2"}
			}
		},
		{
			"from": [4, -16, 7],
			"to": [6, -15.8, 9],
			"rotation": {"angle": -22.5, "axis": "z", "origin": [6, -16, 8]},
			"faces": {
				"north": {"uv": [10, 11, 12, 12], "texture": "#2"},
				"east": {"uv": [12, 0, 14, 1], "texture": "#2"},
				"south": {"uv": [1, 12, 3, 13], "texture": "#2"},
				"west": {"uv": [12, 1, 14, 2], "texture": "#2"},
				"up": {"uv": [6, 6, 4, 4], "texture": "#2"},
				"down": {"uv": [8, 0, 6, 2], "texture": "#2"}
			}
		},
		{
			"from": [7, -16, 4],
			"to": [9, -15.8, 6],
			"rotation": {"angle": 22.5, "axis": "x", "origin": [8, -16, 6]},
			"faces": {
				"north": {"uv": [12, 2, 14, 3], "texture": "#2"},
				"east": {"uv": [3, 12, 5, 13], "texture": "#2"},
				"south": {"uv": [12, 3, 14, 4], "texture": "#2"},
				"west": {"uv": [5, 12, 7, 13], "texture": "#2"},
				"up": {"uv": [8, 4, 6, 2], "texture": "#2"},
				"down": {"uv": [6, 6, 4, 8], "texture": "#2"}
			}
		},
		{
			"from": [7, -16, 10],
			"to": [9, -15.8, 12],
			"rotation": {"angle": -22.5, "axis": "x", "origin": [8, -16, 10]},
			"faces": {
				"north": {"uv": [7, 12, 9, 13], "texture": "#2"},
				"east": {"uv": [9, 12, 11, 13], "texture": "#2"},
				"south": {"uv": [11, 12, 13, 13], "texture": "#2"},
				"west": {"uv": [12, 11, 14, 12], "texture": "#2"},
				"up": {"uv": [8, 6, 6, 4], "texture": "#2"},
				"down": {"uv": [8, 6, 6, 8], "texture": "#2"}
			}
		},
		{
			"from": [6, -16, 6],
			"to": [10, -15.8, 10],
			"rotation": {"angle": 0, "axis": "y", "origin": [0, -16, 0]},
			"faces": {
				"north": {"uv": [0, 8, 4, 9], "texture": "#2"},
				"east": {"uv": [8, 0, 12, 1], "texture": "#2"},
				"south": {"uv": [8, 1, 12, 2], "texture": "#2"},
				"west": {"uv": [8, 2, 12, 3], "texture": "#2"},
				"up": {"uv": [4, 4, 0, 0], "texture": "#2"},
				"down": {"uv": [4, 4, 0, 8], "texture": "#2"}
			}
		},
		{
			"from": [5, -16, 6.25],
			"to": [6, -15.8, 9.75],
			"rotation": {"angle": 0, "axis": "y", "origin": [8, -16, 8]},
			"faces": {
				"north": {"uv": [7, 10, 8, 11], "texture": "#2"},
				"east": {"uv": [8, 3, 12, 4], "texture": "#2"},
				"south": {"uv": [7, 11, 8, 12], "texture": "#2"},
				"west": {"uv": [4, 8, 8, 9], "texture": "#2"},
				"up": {"uv": [9, 8, 8, 4], "texture": "#2"},
				"down": {"uv": [9, 8, 8, 12], "texture": "#2"}
			}
		},
		{
			"from": [6.25, -16, 5],
			"to": [9.75, -15.8, 6],
			"rotation": {"angle": 0, "axis": "y", "origin": [8, -16, 8]},
			"faces": {
				"north": {"uv": [0, 9, 4, 10], "texture": "#2"},
				"east": {"uv": [1, 13, 2, 14], "texture": "#2"},
				"south": {"uv": [4, 9, 8, 10], "texture": "#2"},
				"west": {"uv": [2, 13, 3, 14], "texture": "#2"},
				"up": {"uv": [13, 5, 9, 4], "texture": "#2"},
				"down": {"uv": [13, 5, 9, 6], "texture": "#2"}
			}
		},
		{
			"from": [10, -16, 6.25],
			"to": [11, -15.8, 9.75],
			"rotation": {"angle": 0, "axis": "y", "origin": [8, -16, 8]},
			"faces": {
				"north": {"uv": [3, 13, 4, 14], "texture": "#2"},
				"east": {"uv": [9, 6, 13, 7], "texture": "#2"},
				"south": {"uv": [4, 13, 5, 14], "texture": "#2"},
				"west": {"uv": [9, 7, 13, 8], "texture": "#2"},
				"up": {"uv": [10, 12, 9, 8], "texture": "#2"},
				"down": {"uv": [1, 10, 0, 14], "texture": "#2"}
			}
		},
		{
			"from": [6.25, -16, 10],
			"to": [9.75, -15.8, 11],
			"rotation": {"angle": 0, "axis": "y", "origin": [8, -16, 8]},
			"faces": {
				"north": {"uv": [1, 10, 5, 11], "texture": "#2"},
				"east": {"uv": [13, 4, 14, 5], "texture": "#2"},
				"south": {"uv": [10, 8, 14, 9], "texture": "#2"},
				"west": {"uv": [5, 13, 6, 14], "texture": "#2"},
				"up": {"uv": [14, 10, 10, 9], "texture": "#2"},
				"down": {"uv": [14, 10, 10, 11], "texture": "#2"}
			}
		},
		{
			"name": "stone_0",
			"from": [0, 12, 16],
			"to": [4, 18, 17],
			"rotation": {"angle": 45, "axis": "x", "origin": [8, 10, 8]},
			"faces": {
				"north": {"uv": [0, 6, 4, 0], "rotation": 180, "texture": "#1"},
				"east": {"uv": [3, 0, 4, 6], "texture": "#1"},
				"south": {"uv": [0, 0, 4, 6], "texture": "#1"},
				"west": {"uv": [0, 0, 1, 6], "texture": "#1"},
				"up": {"uv": [4, 0, 0, 1], "rotation": 180, "texture": "#1"},
				"down": {"uv": [0, 5, 4, 6], "texture": "#1"}
			}
		},
		{
			"name": "stone_25",
			"from": [12, 2, -1],
			"to": [13, 3, 0],
			"rotation": {"angle": 45, "axis": "x", "origin": [8, 10, 8]},
			"faces": {
				"north": {"uv": [3, 15, 4, 16], "texture": "#1"},
				"east": {"uv": [3, 15, 4, 16], "texture": "#1"},
				"south": {"uv": [3, 16, 4, 15], "rotation": 180, "texture": "#1"},
				"west": {"uv": [3, 15, 4, 16], "texture": "#1"},
				"up": {"uv": [4, 15, 3, 16], "texture": "#1"},
				"down": {"uv": [3, 15, 4, 16], "rotation": 180, "texture": "#1"}
			}
		},
		{
			"name": "stone_24",
			"from": [5, 2, -1],
			"to": [7, 4, 0],
			"rotation": {"angle": 45, "axis": "x", "origin": [8, 10, 8]},
			"faces": {
				"north": {"uv": [9, 14, 11, 16], "texture": "#1"},
				"east": {"uv": [9, 14, 10, 16], "texture": "#1"},
				"south": {"uv": [9, 16, 11, 14], "rotation": 180, "texture": "#1"},
				"west": {"uv": [10, 14, 11, 16], "texture": "#1"},
				"up": {"uv": [11, 14, 9, 15], "texture": "#1"},
				"down": {"uv": [9, 15, 11, 16], "rotation": 180, "texture": "#1"}
			}
		},
		{
			"name": "stone_23",
			"from": [2, 2, -1],
			"to": [5, 5, 0],
			"rotation": {"angle": 45, "axis": "x", "origin": [8, 10, 8]},
			"faces": {
				"north": {"uv": [11, 13, 14, 16], "texture": "#1"},
				"east": {"uv": [11, 13, 12, 16], "texture": "#1"},
				"south": {"uv": [11, 16, 14, 13], "rotation": 180, "texture": "#1"},
				"west": {"uv": [13, 13, 14, 16], "texture": "#1"},
				"up": {"uv": [14, 13, 11, 14], "texture": "#1"},
				"down": {"uv": [11, 15, 14, 16], "rotation": 180, "texture": "#1"}
			}
		},
		{
			"name": "stone_22",
			"from": [7, 2, -1],
			"to": [8, 5, 0],
			"rotation": {"angle": 45, "axis": "x", "origin": [8, 10, 8]},
			"faces": {
				"north": {"uv": [8, 13, 9, 16], "texture": "#1"},
				"east": {"uv": [8, 13, 9, 16], "texture": "#1"},
				"south": {"uv": [8, 16, 9, 13], "rotation": 180, "texture": "#1"},
				"west": {"uv": [8, 13, 9, 16], "texture": "#1"},
				"up": {"uv": [9, 13, 8, 14], "texture": "#1"},
				"down": {"uv": [8, 15, 9, 16], "rotation": 180, "texture": "#1"}
			}
		},
		{
			"name": "stone_21",
			"from": [2, 6, -1],
			"to": [3, 7, 0],
			"rotation": {"angle": 45, "axis": "x", "origin": [8, 10, 8]},
			"faces": {
				"north": {"uv": [13, 11, 14, 12], "texture": "#1"},
				"east": {"uv": [13, 11, 14, 12], "texture": "#1"},
				"south": {"uv": [13, 12, 14, 11], "rotation": 180, "texture": "#1"},
				"west": {"uv": [13, 11, 14, 12], "texture": "#1"},
				"up": {"uv": [14, 11, 13, 12], "texture": "#1"},
				"down": {"uv": [13, 11, 14, 12], "rotation": 180, "texture": "#1"}
			}
		},
		{
			"name": "stone_20",
			"from": [11, 2, -1],
			"to": [12, 7, 0],
			"rotation": {"angle": 45, "axis": "x", "origin": [8, 10, 8]},
			"faces": {
				"north": {"uv": [4, 11, 5, 16], "texture": "#1"},
				"east": {"uv": [4, 11, 5, 16], "texture": "#1"},
				"south": {"uv": [4, 16, 5, 11], "rotation": 180, "texture": "#1"},
				"west": {"uv": [4, 11, 5, 16], "texture": "#1"},
				"up": {"uv": [5, 11, 4, 12], "texture": "#1"},
				"down": {"uv": [4, 15, 5, 16], "rotation": 180, "texture": "#1"}
			}
		},
		{
			"name": "stone_19",
			"from": [5, 6, -1],
			"to": [8, 8, 0],
			"rotation": {"angle": 45, "axis": "x", "origin": [8, 10, 8]},
			"faces": {
				"north": {"uv": [8, 10, 11, 12], "texture": "#1"},
				"east": {"uv": [8, 10, 9, 12], "texture": "#1"},
				"south": {"uv": [8, 12, 11, 10], "rotation": 180, "texture": "#1"},
				"west": {"uv": [10, 10, 11, 12], "texture": "#1"},
				"up": {"uv": [11, 10, 8, 11], "texture": "#1"},
				"down": {"uv": [8, 11, 11, 12], "rotation": 180, "texture": "#1"}
			}
		},
		{
			"name": "stone_18",
			"from": [8, 2, -1],
			"to": [11, 8, 0],
			"rotation": {"angle": 45, "axis": "x", "origin": [8, 10, 8]},
			"faces": {
				"north": {"uv": [5, 10, 8, 16], "texture": "#1"},
				"east": {"uv": [5, 10, 6, 16], "texture": "#1"},
				"south": {"uv": [5, 16, 8, 10], "rotation": 180, "texture": "#1"},
				"west": {"uv": [7, 10, 8, 16], "texture": "#1"},
				"up": {"uv": [8, 10, 5, 11], "texture": "#1"},
				"down": {"uv": [5, 15, 8, 16], "rotation": 180, "texture": "#1"}
			}
		},
		{
			"name": "stone_17",
			"from": [12, 5, -1],
			"to": [13, 8, 0],
			"rotation": {"angle": 45, "axis": "x", "origin": [8, 10, 8]},
			"faces": {
				"north": {"uv": [3, 10, 4, 13], "texture": "#1"},
				"east": {"uv": [3, 10, 4, 13], "texture": "#1"},
				"south": {"uv": [3, 13, 4, 10], "rotation": 180, "texture": "#1"},
				"west": {"uv": [3, 10, 4, 13], "texture": "#1"},
				"up": {"uv": [4, 10, 3, 11], "texture": "#1"},
				"down": {"uv": [3, 12, 4, 13], "rotation": 180, "texture": "#1"}
			}
		},
		{
			"name": "stone_16",
			"from": [4, 7, -1],
			"to": [5, 9, 0],
			"rotation": {"angle": 45, "axis": "x", "origin": [8, 10, 8]},
			"faces": {
				"north": {"uv": [11, 9, 12, 11], "texture": "#1"},
				"east": {"uv": [11, 9, 12, 11], "texture": "#1"},
				"south": {"uv": [11, 11, 12, 9], "rotation": 180, "texture": "#1"},
				"west": {"uv": [11, 9, 12, 11], "texture": "#1"},
				"up": {"uv": [12, 9, 11, 10], "texture": "#1"},
				"down": {"uv": [11, 10, 12, 11], "rotation": 180, "texture": "#1"}
			}
		},
		{
			"name": "stone_15",
			"from": [13, 2, -1],
			"to": [15, 9, 0],
			"rotation": {"angle": 45, "axis": "x", "origin": [8, 10, 8]},
			"faces": {
				"north": {"uv": [1, 9, 3, 16], "texture": "#1"},
				"east": {"uv": [1, 9, 2, 16], "texture": "#1"},
				"south": {"uv": [1, 16, 3, 9], "rotation": 180, "texture": "#1"},
				"west": {"uv": [2, 9, 3, 16], "texture": "#1"},
				"up": {"uv": [3, 9, 1, 10], "texture": "#1"},
				"down": {"uv": [1, 15, 3, 16], "rotation": 180, "texture": "#1"}
			}
		},
		{
			"name": "stone_14",
			"from": [8, 9, -1],
			"to": [9, 10, 0],
			"rotation": {"angle": 45, "axis": "x", "origin": [8, 10, 8]},
			"faces": {
				"north": {"uv": [7, 8, 8, 9], "texture": "#1"},
				"east": {"uv": [7, 8, 8, 9], "texture": "#1"},
				"south": {"uv": [7, 9, 8, 8], "rotation": 180, "texture": "#1"},
				"west": {"uv": [7, 8, 8, 9], "texture": "#1"},
				"up": {"uv": [8, 8, 7, 9], "texture": "#1"},
				"down": {"uv": [7, 8, 8, 9], "rotation": 180, "texture": "#1"}
			}
		},
		{
			"name": "stone_13",
			"from": [15, 2, -1],
			"to": [16, 10, 0],
			"rotation": {"angle": 45, "axis": "x", "origin": [8, 10, 8]},
			"faces": {
				"north": {"uv": [0, 8, 1, 16], "texture": "#1"},
				"east": {"uv": [0, 8, 1, 16], "texture": "#1"},
				"south": {"uv": [0, 16, 1, 8], "rotation": 180, "texture": "#1"},
				"west": {"uv": [0, 8, 1, 16], "texture": "#1"},
				"up": {"uv": [1, 8, 0, 9], "texture": "#1"},
				"down": {"uv": [0, 15, 1, 16], "rotation": 180, "texture": "#1"}
			}
		},
		{
			"name": "stone_12",
			"from": [4, 9, -1],
			"to": [6, 11, 0],
			"rotation": {"angle": 45, "axis": "x", "origin": [8, 10, 8]},
			"faces": {
				"north": {"uv": [10, 7, 12, 9], "texture": "#1"},
				"east": {"uv": [10, 7, 11, 9], "texture": "#1"},
				"south": {"uv": [10, 9, 12, 7], "rotation": 180, "texture": "#1"},
				"west": {"uv": [11, 7, 12, 9], "texture": "#1"},
				"up": {"uv": [12, 7, 10, 8], "texture": "#1"},
				"down": {"uv": [10, 8, 12, 9], "rotation": 180, "texture": "#1"}
			}
		},
		{
			"name": "stone_11",
			"from": [9, 8, -1],
			"to": [13, 11, 0],
			"rotation": {"angle": 45, "axis": "x", "origin": [8, 10, 8]},
			"faces": {
				"north": {"uv": [3, 7, 7, 10], "texture": "#1"},
				"east": {"uv": [3, 7, 4, 10], "texture": "#1"},
				"south": {"uv": [3, 10, 7, 7], "rotation": 180, "texture": "#1"},
				"west": {"uv": [6, 7, 7, 10], "texture": "#1"},
				"up": {"uv": [7, 7, 3, 8], "texture": "#1"},
				"down": {"uv": [3, 9, 7, 10], "rotation": 180, "texture": "#1"}
			}
		},
		{
			"name": "stone_10",
			"from": [13, 10, -1],
			"to": [16, 12, 0],
			"rotation": {"angle": 45, "axis": "x", "origin": [8, 10, 8]},
			"faces": {
				"north": {"uv": [0, 6, 3, 8], "texture": "#1"},
				"east": {"uv": [0, 6, 1, 8], "texture": "#1"},
				"south": {"uv": [0, 8, 3, 6], "rotation": 180, "texture": "#1"},
				"west": {"uv": [2, 6, 3, 8], "texture": "#1"},
				"up": {"uv": [3, 6, 0, 7], "texture": "#1"},
				"down": {"uv": [0, 7, 3, 8], "rotation": 180, "texture": "#1"}
			}
		},
		{
			"name": "stone_9",
			"from": [2, 7, -1],
			"to": [4, 13, 0],
			"rotation": {"angle": 45, "axis": "x", "origin": [8, 10, 8]},
			"faces": {
				"north": {"uv": [12, 5, 14, 11], "texture": "#1"},
				"east": {"uv": [12, 5, 13, 11], "texture": "#1"},
				"south": {"uv": [12, 11, 14, 5], "rotation": 180, "texture": "#1"},
				"west": {"uv": [13, 5, 14, 11], "texture": "#1"},
				"up": {"uv": [14, 5, 12, 6], "texture": "#1"},
				"down": {"uv": [12, 10, 14, 11], "rotation": 180, "texture": "#1"}
			}
		},
		{
			"name": "stone_8",
			"from": [6, 10, -1],
			"to": [7, 13, 0],
			"rotation": {"angle": 45, "axis": "x", "origin": [8, 10, 8]},
			"faces": {
				"north": {"uv": [9, 5, 10, 8], "texture": "#1"},
				"east": {"uv": [9, 5, 10, 8], "texture": "#1"},
				"south": {"uv": [9, 8, 10, 5], "rotation": 180, "texture": "#1"},
				"west": {"uv": [9, 5, 10, 8], "texture": "#1"},
				"up": {"uv": [10, 5, 9, 6], "texture": "#1"},
				"down": {"uv": [9, 7, 10, 8], "rotation": 180, "texture": "#1"}
			}
		},
		{
			"name": "stone_7",
			"from": [7, 10, -1],
			"to": [9, 14, 0],
			"rotation": {"angle": 45, "axis": "x", "origin": [8, 10, 8]},
			"faces": {
				"north": {"uv": [7, 4, 9, 8], "texture": "#1"},
				"east": {"uv": [7, 4, 8, 8], "texture": "#1"},
				"south": {"uv": [7, 8, 9, 4], "rotation": 180, "texture": "#1"},
				"west": {"uv": [8, 4, 9, 8], "texture": "#1"},
				"up": {"uv": [9, 4, 7, 5], "texture": "#1"},
				"down": {"uv": [7, 7, 9, 8], "rotation": 180, "texture": "#1"}
			}
		},
		{
			"name": "stone_6",
			"from": [2, 13, -1],
			"to": [7, 15, 0],
			"rotation": {"angle": 45, "axis": "x", "origin": [8, 10, 8]},
			"faces": {
				"north": {"uv": [9, 3, 14, 5], "texture": "#1"},
				"east": {"uv": [9, 3, 10, 5], "texture": "#1"},
				"south": {"uv": [9, 5, 14, 3], "rotation": 180, "texture": "#1"},
				"west": {"uv": [13, 3, 14, 5], "texture": "#1"},
				"up": {"uv": [14, 3, 9, 4], "texture": "#1"},
				"down": {"uv": [9, 4, 14, 5], "rotation": 180, "texture": "#1"}
			}
		},
		{
			"name": "stone_5",
			"from": [11, 12, -1],
			"to": [12, 15, 0],
			"rotation": {"angle": 45, "axis": "x", "origin": [8, 10, 8]},
			"faces": {
				"north": {"uv": [4, 3, 5, 6], "texture": "#1"},
				"east": {"uv": [4, 3, 5, 6], "texture": "#1"},
				"south": {"uv": [4, 6, 5, 3], "rotation": 180, "texture": "#1"},
				"west": {"uv": [4, 3, 5, 6], "texture": "#1"},
				"up": {"uv": [5, 3, 4, 4], "texture": "#1"},
				"down": {"uv": [4, 5, 5, 6], "rotation": 180, "texture": "#1"}
			}
		},
		{
			"name": "stone_4",
			"from": [0, 2, -1],
			"to": [2, 16, 0],
			"rotation": {"angle": 45, "axis": "x", "origin": [8, 10, 8]},
			"faces": {
				"north": {"uv": [14, 2, 16, 16], "texture": "#1"},
				"east": {"uv": [14, 2, 15, 16], "texture": "#1"},
				"south": {"uv": [14, 16, 16, 2], "rotation": 180, "texture": "#1"},
				"west": {"uv": [15, 2, 16, 16], "texture": "#1"},
				"up": {"uv": [16, 2, 14, 3], "texture": "#1"},
				"down": {"uv": [14, 15, 16, 16], "rotation": 180, "texture": "#1"}
			}
		},
		{
			"name": "stone_3",
			"from": [4, 15, -1],
			"to": [9, 16, 0],
			"rotation": {"angle": 45, "axis": "x", "origin": [8, 10, 8]},
			"faces": {
				"north": {"uv": [7, 2, 12, 3], "texture": "#1"},
				"east": {"uv": [7, 2, 8, 3], "texture": "#1"},
				"south": {"uv": [7, 3, 12, 2], "rotation": 180, "texture": "#1"},
				"west": {"uv": [11, 2, 12, 3], "texture": "#1"},
				"up": {"uv": [12, 2, 7, 3], "texture": "#1"},
				"down": {"uv": [7, 2, 12, 3], "rotation": 180, "texture": "#1"}
			}
		},
		{
			"name": "stone_2",
			"from": [9, 13, -1],
			"to": [11, 16, 0],
			"rotation": {"angle": 45, "axis": "x", "origin": [8, 10, 8]},
			"faces": {
				"north": {"uv": [5, 2, 7, 5], "texture": "#1"},
				"east": {"uv": [5, 2, 6, 5], "texture": "#1"},
				"south": {"uv": [5, 5, 7, 2], "rotation": 180, "texture": "#1"},
				"west": {"uv": [6, 2, 7, 5], "texture": "#1"},
				"up": {"uv": [7, 2, 5, 3], "texture": "#1"},
				"down": {"uv": [5, 4, 7, 5], "rotation": 180, "texture": "#1"}
			}
		},
		{
			"name": "stone_1",
			"from": [0, 16, -1],
			"to": [12, 18, 0],
			"rotation": {"angle": 45, "axis": "x", "origin": [8, 10, 8]},
			"faces": {
				"north": {"uv": [4, 0, 16, 2], "texture": "#1"},
				"east": {"uv": [4, 0, 5, 2], "texture": "#1"},
				"south": {"uv": [4, 2, 16, 0], "rotation": 180, "texture": "#1"},
				"west": {"uv": [15, 0, 16, 2], "texture": "#1"},
				"up": {"uv": [16, 0, 4, 1], "texture": "#1"},
				"down": {"uv": [4, 1, 16, 2], "rotation": 180, "texture": "#1"}
			}
		},
		{
			"name": "stone_0",
			"from": [12, 12, -1],
			"to": [16, 18, 0],
			"rotation": {"angle": 45, "axis": "x", "origin": [8, 10, 8]},
			"faces": {
				"north": {"uv": [0, 0, 4, 6], "texture": "#1"},
				"east": {"uv": [0, 0, 1, 6], "texture": "#1"},
				"south": {"uv": [0, 6, 4, 0], "rotation": 180, "texture": "#1"},
				"west": {"uv": [3, 0, 4, 6], "texture": "#1"},
				"up": {"uv": [4, 0, 0, 1], "texture": "#1"},
				"down": {"uv": [0, 5, 4, 6], "rotation": 180, "texture": "#1"}
			}
		},
		{
			"name": "stone_25",
			"from": [-1, 2, 3],
			"to": [0, 3, 4],
			"rotation": {"angle": 45, "axis": "x", "origin": [8, 10, 8]},
			"faces": {
				"north": {"uv": [3, 15, 4, 16], "texture": "#1"},
				"east": {"uv": [3, 16, 4, 15], "rotation": 180, "texture": "#1"},
				"south": {"uv": [3, 15, 4, 16], "texture": "#1"},
				"west": {"uv": [3, 15, 4, 16], "texture": "#1"},
				"up": {"uv": [4, 15, 3, 16], "rotation": 270, "texture": "#1"},
				"down": {"uv": [3, 15, 4, 16], "rotation": 270, "texture": "#1"}
			}
		},
		{
			"name": "stone_24",
			"from": [-1, 2, 9],
			"to": [0, 4, 11],
			"rotation": {"angle": 45, "axis": "x", "origin": [8, 10, 8]},
			"faces": {
				"north": {"uv": [9, 14, 10, 16], "texture": "#1"},
				"east": {"uv": [9, 16, 11, 14], "rotation": 180, "texture": "#1"},
				"south": {"uv": [10, 14, 11, 16], "texture": "#1"},
				"west": {"uv": [9, 14, 11, 16], "texture": "#1"},
				"up": {"uv": [11, 14, 9, 15], "rotation": 270, "texture": "#1"},
				"down": {"uv": [9, 15, 11, 16], "rotation": 270, "texture": "#1"}
			}
		},
		{
			"name": "stone_23",
			"from": [-1, 2, 11],
			"to": [0, 5, 14],
			"rotation": {"angle": 45, "axis": "x", "origin": [8, 10, 8]},
			"faces": {
				"north": {"uv": [11, 13, 12, 16], "texture": "#1"},
				"east": {"uv": [11, 16, 14, 13], "rotation": 180, "texture": "#1"},
				"south": {"uv": [13, 13, 14, 16], "texture": "#1"},
				"west": {"uv": [11, 13, 14, 16], "texture": "#1"},
				"up": {"uv": [14, 13, 11, 14], "rotation": 270, "texture": "#1"},
				"down": {"uv": [11, 15, 14, 16], "rotation": 270, "texture": "#1"}
			}
		},
		{
			"name": "stone_22",
			"from": [-1, 2, 8],
			"to": [0, 5, 9],
			"rotation": {"angle": 45, "axis": "x", "origin": [8, 10, 8]},
			"faces": {
				"north": {"uv": [8, 13, 9, 16], "texture": "#1"},
				"east": {"uv": [8, 16, 9, 13], "rotation": 180, "texture": "#1"},
				"south": {"uv": [8, 13, 9, 16], "texture": "#1"},
				"west": {"uv": [8, 13, 9, 16], "texture": "#1"},
				"up": {"uv": [9, 13, 8, 14], "rotation": 270, "texture": "#1"},
				"down": {"uv": [8, 15, 9, 16], "rotation": 270, "texture": "#1"}
			}
		},
		{
			"name": "stone_21",
			"from": [-1, 6, 13],
			"to": [0, 7, 14],
			"rotation": {"angle": 45, "axis": "x", "origin": [8, 10, 8]},
			"faces": {
				"north": {"uv": [13, 11, 14, 12], "texture": "#1"},
				"east": {"uv": [13, 12, 14, 11], "rotation": 180, "texture": "#1"},
				"south": {"uv": [13, 11, 14, 12], "texture": "#1"},
				"west": {"uv": [13, 11, 14, 12], "texture": "#1"},
				"up": {"uv": [14, 11, 13, 12], "rotation": 270, "texture": "#1"},
				"down": {"uv": [13, 11, 14, 12], "rotation": 270, "texture": "#1"}
			}
		},
		{
			"name": "stone_20",
			"from": [-1, 2, 4],
			"to": [0, 7, 5],
			"rotation": {"angle": 45, "axis": "x", "origin": [8, 10, 8]},
			"faces": {
				"north": {"uv": [4, 11, 5, 16], "texture": "#1"},
				"east": {"uv": [4, 16, 5, 11], "rotation": 180, "texture": "#1"},
				"south": {"uv": [4, 11, 5, 16], "texture": "#1"},
				"west": {"uv": [4, 11, 5, 16], "texture": "#1"},
				"up": {"uv": [5, 11, 4, 12], "rotation": 270, "texture": "#1"},
				"down": {"uv": [4, 15, 5, 16], "rotation": 270, "texture": "#1"}
			}
		},
		{
			"name": "stone_19",
			"from": [-1, 6, 8],
			"to": [0, 8, 11],
			"rotation": {"angle": 45, "axis": "x", "origin": [8, 10, 8]},
			"faces": {
				"north": {"uv": [8, 10, 9, 12], "texture": "#1"},
				"east": {"uv": [8, 12, 11, 10], "rotation": 180, "texture": "#1"},
				"south": {"uv": [10, 10, 11, 12], "texture": "#1"},
				"west": {"uv": [8, 10, 11, 12], "texture": "#1"},
				"up": {"uv": [11, 10, 8, 11], "rotation": 270, "texture": "#1"},
				"down": {"uv": [8, 11, 11, 12], "rotation": 270, "texture": "#1"}
			}
		},
		{
			"name": "stone_18",
			"from": [-1, 2, 5],
			"to": [0, 8, 8],
			"rotation": {"angle": 45, "axis": "x", "origin": [8, 10, 8]},
			"faces": {
				"north": {"uv": [5, 10, 6, 16], "texture": "#1"},
				"east": {"uv": [5, 16, 8, 10], "rotation": 180, "texture": "#1"},
				"south": {"uv": [7, 10, 8, 16], "texture": "#1"},
				"west": {"uv": [5, 10, 8, 16], "texture": "#1"},
				"up": {"uv": [8, 10, 5, 11], "rotation": 270, "texture": "#1"},
				"down": {"uv": [5, 15, 8, 16], "rotation": 270, "texture": "#1"}
			}
		},
		{
			"name": "stone_17",
			"from": [-1, 5, 3],
			"to": [0, 8, 4],
			"rotation": {"angle": 45, "axis": "x", "origin": [8, 10, 8]},
			"faces": {
				"north": {"uv": [3, 10, 4, 13], "texture": "#1"},
				"east": {"uv": [3, 13, 4, 10], "rotation": 180, "texture": "#1"},
				"south": {"uv": [3, 10, 4, 13], "texture": "#1"},
				"west": {"uv": [3, 10, 4, 13], "texture": "#1"},
				"up": {"uv": [4, 10, 3, 11], "rotation": 270, "texture": "#1"},
				"down": {"uv": [3, 12, 4, 13], "rotation": 270, "texture": "#1"}
			}
		},
		{
			"name": "stone_16",
			"from": [-1, 7, 11],
			"to": [0, 9, 12],
			"rotation": {"angle": 45, "axis": "x", "origin": [8, 10, 8]},
			"faces": {
				"north": {"uv": [11, 9, 12, 11], "texture": "#1"},
				"east": {"uv": [11, 11, 12, 9], "rotation": 180, "texture": "#1"},
				"south": {"uv": [11, 9, 12, 11], "texture": "#1"},
				"west": {"uv": [11, 9, 12, 11], "texture": "#1"},
				"up": {"uv": [12, 9, 11, 10], "rotation": 270, "texture": "#1"},
				"down": {"uv": [11, 10, 12, 11], "rotation": 270, "texture": "#1"}
			}
		},
		{
			"name": "stone_15",
			"from": [-1, 2, 1],
			"to": [0, 9, 3],
			"rotation": {"angle": 45, "axis": "x", "origin": [8, 10, 8]},
			"faces": {
				"north": {"uv": [1, 9, 2, 16], "texture": "#1"},
				"east": {"uv": [1, 16, 3, 9], "rotation": 180, "texture": "#1"},
				"south": {"uv": [2, 9, 3, 16], "texture": "#1"},
				"west": {"uv": [1, 9, 3, 16], "texture": "#1"},
				"up": {"uv": [3, 9, 1, 10], "rotation": 270, "texture": "#1"},
				"down": {"uv": [1, 15, 3, 16], "rotation": 270, "texture": "#1"}
			}
		},
		{
			"name": "stone_14",
			"from": [-1, 9, 7],
			"to": [0, 10, 8],
			"rotation": {"angle": 45, "axis": "x", "origin": [8, 10, 8]},
			"faces": {
				"north": {"uv": [7, 8, 8, 9], "texture": "#1"},
				"east": {"uv": [7, 9, 8, 8], "rotation": 180, "texture": "#1"},
				"south": {"uv": [7, 8, 8, 9], "texture": "#1"},
				"west": {"uv": [7, 8, 8, 9], "texture": "#1"},
				"up": {"uv": [8, 8, 7, 9], "rotation": 270, "texture": "#1"},
				"down": {"uv": [7, 8, 8, 9], "rotation": 270, "texture": "#1"}
			}
		},
		{
			"name": "stone_13",
			"from": [-1, 2, 0],
			"to": [0, 10, 1],
			"rotation": {"angle": 45, "axis": "x", "origin": [8, 10, 8]},
			"faces": {
				"north": {"uv": [0, 8, 1, 16], "texture": "#1"},
				"east": {"uv": [0, 16, 1, 8], "rotation": 180, "texture": "#1"},
				"south": {"uv": [0, 8, 1, 16], "texture": "#1"},
				"west": {"uv": [0, 8, 1, 16], "texture": "#1"},
				"up": {"uv": [1, 8, 0, 9], "rotation": 270, "texture": "#1"},
				"down": {"uv": [0, 15, 1, 16], "rotation": 270, "texture": "#1"}
			}
		},
		{
			"name": "stone_12",
			"from": [-1, 9, 10],
			"to": [0, 11, 12],
			"rotation": {"angle": 45, "axis": "x", "origin": [8, 10, 8]},
			"faces": {
				"north": {"uv": [10, 7, 11, 9], "texture": "#1"},
				"east": {"uv": [10, 9, 12, 7], "rotation": 180, "texture": "#1"},
				"south": {"uv": [11, 7, 12, 9], "texture": "#1"},
				"west": {"uv": [10, 7, 12, 9], "texture": "#1"},
				"up": {"uv": [12, 7, 10, 8], "rotation": 270, "texture": "#1"},
				"down": {"uv": [10, 8, 12, 9], "rotation": 270, "texture": "#1"}
			}
		},
		{
			"name": "stone_11",
			"from": [-1, 8, 3],
			"to": [0, 11, 7],
			"rotation": {"angle": 45, "axis": "x", "origin": [8, 10, 8]},
			"faces": {
				"north": {"uv": [3, 7, 4, 10], "texture": "#1"},
				"east": {"uv": [3, 10, 7, 7], "rotation": 180, "texture": "#1"},
				"south": {"uv": [6, 7, 7, 10], "texture": "#1"},
				"west": {"uv": [3, 7, 7, 10], "texture": "#1"},
				"up": {"uv": [7, 7, 3, 8], "rotation": 270, "texture": "#1"},
				"down": {"uv": [3, 9, 7, 10], "rotation": 270, "texture": "#1"}
			}
		},
		{
			"name": "stone_10",
			"from": [-1, 10, 0],
			"to": [0, 12, 3],
			"rotation": {"angle": 45, "axis": "x", "origin": [8, 10, 8]},
			"faces": {
				"north": {"uv": [0, 6, 1, 8], "texture": "#1"},
				"east": {"uv": [0, 8, 3, 6], "rotation": 180, "texture": "#1"},
				"south": {"uv": [2, 6, 3, 8], "texture": "#1"},
				"west": {"uv": [0, 6, 3, 8], "texture": "#1"},
				"up": {"uv": [3, 6, 0, 7], "rotation": 270, "texture": "#1"},
				"down": {"uv": [0, 7, 3, 8], "rotation": 270, "texture": "#1"}
			}
		},
		{
			"name": "stone_9",
			"from": [-1, 7, 12],
			"to": [0, 13, 14],
			"rotation": {"angle": 45, "axis": "x", "origin": [8, 10, 8]},
			"faces": {
				"north": {"uv": [12, 5, 13, 11], "texture": "#1"},
				"east": {"uv": [12, 11, 14, 5], "rotation": 180, "texture": "#1"},
				"south": {"uv": [13, 5, 14, 11], "texture": "#1"},
				"west": {"uv": [12, 5, 14, 11], "texture": "#1"},
				"up": {"uv": [14, 5, 12, 6], "rotation": 270, "texture": "#1"},
				"down": {"uv": [12, 10, 14, 11], "rotation": 270, "texture": "#1"}
			}
		},
		{
			"name": "stone_8",
			"from": [-1, 10, 9],
			"to": [0, 13, 10],
			"rotation": {"angle": 45, "axis": "x", "origin": [8, 10, 8]},
			"faces": {
				"north": {"uv": [9, 5, 10, 8], "texture": "#1"},
				"east": {"uv": [9, 8, 10, 5], "rotation": 180, "texture": "#1"},
				"south": {"uv": [9, 5, 10, 8], "texture": "#1"},
				"west": {"uv": [9, 5, 10, 8], "texture": "#1"},
				"up": {"uv": [10, 5, 9, 6], "rotation": 270, "texture": "#1"},
				"down": {"uv": [9, 7, 10, 8], "rotation": 270, "texture": "#1"}
			}
		},
		{
			"name": "stone_7",
			"from": [-1, 10, 7],
			"to": [0, 14, 9],
			"rotation": {"angle": 45, "axis": "x", "origin": [8, 10, 8]},
			"faces": {
				"north": {"uv": [7, 4, 8, 8], "texture": "#1"},
				"east": {"uv": [7, 8, 9, 4], "rotation": 180, "texture": "#1"},
				"south": {"uv": [8, 4, 9, 8], "texture": "#1"},
				"west": {"uv": [7, 4, 9, 8], "texture": "#1"},
				"up": {"uv": [9, 4, 7, 5], "rotation": 270, "texture": "#1"},
				"down": {"uv": [7, 7, 9, 8], "rotation": 270, "texture": "#1"}
			}
		},
		{
			"name": "stone_6",
			"from": [-1, 13, 9],
			"to": [0, 15, 14],
			"rotation": {"angle": 45, "axis": "x", "origin": [8, 10, 8]},
			"faces": {
				"north": {"uv": [9, 3, 10, 5], "texture": "#1"},
				"east": {"uv": [9, 5, 14, 3], "rotation": 180, "texture": "#1"},
				"south": {"uv": [13, 3, 14, 5], "texture": "#1"},
				"west": {"uv": [9, 3, 14, 5], "texture": "#1"},
				"up": {"uv": [14, 3, 9, 4], "rotation": 270, "texture": "#1"},
				"down": {"uv": [9, 4, 14, 5], "rotation": 270, "texture": "#1"}
			}
		},
		{
			"name": "stone_5",
			"from": [-1, 12, 4],
			"to": [0, 15, 5],
			"rotation": {"angle": 45, "axis": "x", "origin": [8, 10, 8]},
			"faces": {
				"north": {"uv": [4, 3, 5, 6], "texture": "#1"},
				"east": {"uv": [4, 6, 5, 3], "rotation": 180, "texture": "#1"},
				"south": {"uv": [4, 3, 5, 6], "texture": "#1"},
				"west": {"uv": [4, 3, 5, 6], "texture": "#1"},
				"up": {"uv": [5, 3, 4, 4], "rotation": 270, "texture": "#1"},
				"down": {"uv": [4, 5, 5, 6], "rotation": 270, "texture": "#1"}
			}
		},
		{
			"name": "stone_4",
			"from": [-1, 2, 14],
			"to": [0, 16, 16],
			"rotation": {"angle": 45, "axis": "x", "origin": [8, 10, 8]},
			"faces": {
				"north": {"uv": [14, 2, 15, 16], "texture": "#1"},
				"east": {"uv": [14, 16, 16, 2], "rotation": 180, "texture": "#1"},
				"south": {"uv": [15, 2, 16, 16], "texture": "#1"},
				"west": {"uv": [14, 2, 16, 16], "texture": "#1"},
				"up": {"uv": [16, 2, 14, 3], "rotation": 270, "texture": "#1"},
				"down": {"uv": [14, 15, 16, 16], "rotation": 270, "texture": "#1"}
			}
		},
		{
			"name": "stone_3",
			"from": [-1, 15, 7],
			"to": [0, 16, 12],
			"rotation": {"angle": 45, "axis": "x", "origin": [8, 10, 8]},
			"faces": {
				"north": {"uv": [7, 2, 8, 3], "texture": "#1"},
				"east": {"uv": [7, 3, 12, 2], "rotation": 180, "texture": "#1"},
				"south": {"uv": [11, 2, 12, 3], "texture": "#1"},
				"west": {"uv": [7, 2, 12, 3], "texture": "#1"},
				"up": {"uv": [12, 2, 7, 3], "rotation": 270, "texture": "#1"},
				"down": {"uv": [7, 2, 12, 3], "rotation": 270, "texture": "#1"}
			}
		},
		{
			"name": "stone_2",
			"from": [-1, 13, 5],
			"to": [0, 16, 7],
			"rotation": {"angle": 45, "axis": "x", "origin": [8, 10, 8]},
			"faces": {
				"north": {"uv": [5, 2, 6, 5], "texture": "#1"},
				"east": {"uv": [5, 5, 7, 2], "rotation": 180, "texture": "#1"},
				"south": {"uv": [6, 2, 7, 5], "texture": "#1"},
				"west": {"uv": [5, 2, 7, 5], "texture": "#1"},
				"up": {"uv": [7, 2, 5, 3], "rotation": 270, "texture": "#1"},
				"down": {"uv": [5, 4, 7, 5], "rotation": 270, "texture": "#1"}
			}
		},
		{
			"name": "stone_1",
			"from": [-1, 16, 4],
			"to": [0, 18, 16],
			"rotation": {"angle": 45, "axis": "x", "origin": [8, 10, 8]},
			"faces": {
				"north": {"uv": [4, 0, 5, 2], "texture": "#1"},
				"east": {"uv": [4, 2, 16, 0], "rotation": 180, "texture": "#1"},
				"south": {"uv": [15, 0, 16, 2], "texture": "#1"},
				"west": {"uv": [4, 0, 16, 2], "texture": "#1"},
				"up": {"uv": [16, 0, 4, 1], "rotation": 270, "texture": "#1"},
				"down": {"uv": [4, 1, 16, 2], "rotation": 270, "texture": "#1"}
			}
		},
		{
			"name": "stone_0",
			"from": [-1, 12, 0],
			"to": [0, 18, 4],
			"rotation": {"angle": 45, "axis": "x", "origin": [8, 10, 8]},
			"faces": {
				"north": {"uv": [0, 0, 1, 6], "texture": "#1"},
				"east": {"uv": [0, 6, 4, 0], "rotation": 180, "texture": "#1"},
				"south": {"uv": [3, 0, 4, 6], "texture": "#1"},
				"west": {"uv": [0, 0, 4, 6], "texture": "#1"},
				"up": {"uv": [4, 0, 0, 1], "rotation": 270, "texture": "#1"},
				"down": {"uv": [0, 5, 4, 6], "rotation": 270, "texture": "#1"}
			}
		},
		{
			"name": "stone_25",
			"from": [16, 2, 12],
			"to": [17, 3, 13],
			"rotation": {"angle": 45, "axis": "x", "origin": [8, 10, 8]},
			"faces": {
				"north": {"uv": [3, 15, 4, 16], "texture": "#1"},
				"east": {"uv": [3, 15, 4, 16], "texture": "#1"},
				"south": {"uv": [3, 15, 4, 16], "texture": "#1"},
				"west": {"uv": [3, 16, 4, 15], "rotation": 180, "texture": "#1"},
				"up": {"uv": [4, 15, 3, 16], "rotation": 90, "texture": "#1"},
				"down": {"uv": [3, 15, 4, 16], "rotation": 90, "texture": "#1"}
			}
		},
		{
			"name": "stone_24",
			"from": [16, 2, 5],
			"to": [17, 4, 7],
			"rotation": {"angle": 45, "axis": "x", "origin": [8, 10, 8]},
			"faces": {
				"north": {"uv": [10, 14, 11, 16], "texture": "#1"},
				"east": {"uv": [9, 14, 11, 16], "texture": "#1"},
				"south": {"uv": [9, 14, 10, 16], "texture": "#1"},
				"west": {"uv": [9, 16, 11, 14], "rotation": 180, "texture": "#1"},
				"up": {"uv": [11, 14, 9, 15], "rotation": 90, "texture": "#1"},
				"down": {"uv": [9, 15, 11, 16], "rotation": 90, "texture": "#1"}
			}
		},
		{
			"name": "stone_23",
			"from": [16, 2, 2],
			"to": [17, 5, 5],
			"rotation": {"angle": 45, "axis": "x", "origin": [8, 10, 8]},
			"faces": {
				"north": {"uv": [13, 13, 14, 16], "texture": "#1"},
				"east": {"uv": [11, 13, 14, 16], "texture": "#1"},
				"south": {"uv": [11, 13, 12, 16], "texture": "#1"},
				"west": {"uv": [11, 16, 14, 13], "rotation": 180, "texture": "#1"},
				"up": {"uv": [14, 13, 11, 14], "rotation": 90, "texture": "#1"},
				"down": {"uv": [11, 15, 14, 16], "rotation": 90, "texture": "#1"}
			}
		},
		{
			"name": "stone_22",
			"from": [16, 2, 7],
			"to": [17, 5, 8],
			"rotation": {"angle": 45, "axis": "x", "origin": [8, 10, 8]},
			"faces": {
				"north": {"uv": [8, 13, 9, 16], "texture": "#1"},
				"east": {"uv": [8, 13, 9, 16], "texture": "#1"},
				"south": {"uv": [8, 13, 9, 16], "texture": "#1"},
				"west": {"uv": [8, 16, 9, 13], "rotation": 180, "texture": "#1"},
				"up": {"uv": [9, 13, 8, 14], "rotation": 90, "texture": "#1"},
				"down": {"uv": [8, 15, 9, 16], "rotation": 90, "texture": "#1"}
			}
		},
		{
			"name": "stone_21",
			"from": [16, 6, 2],
			"to": [17, 7, 3],
			"rotation": {"angle": 45, "axis": "x", "origin": [8, 10, 8]},
			"faces": {
				"north": {"uv": [13, 11, 14, 12], "texture": "#1"},
				"east": {"uv": [13, 11, 14, 12], "texture": "#1"},
				"south": {"uv": [13, 11, 14, 12], "texture": "#1"},
				"west": {"uv": [13, 12, 14, 11], "rotation": 180, "texture": "#1"},
				"up": {"uv": [14, 11, 13, 12], "rotation": 90, "texture": "#1"},
				"down": {"uv": [13, 11, 14, 12], "rotation": 90, "texture": "#1"}
			}
		},
		{
			"name": "stone_20",
			"from": [16, 2, 11],
			"to": [17, 7, 12],
			"rotation": {"angle": 45, "axis": "x", "origin": [8, 10, 8]},
			"faces": {
				"north": {"uv": [4, 11, 5, 16], "texture": "#1"},
				"east": {"uv": [4, 11, 5, 16], "texture": "#1"},
				"south": {"uv": [4, 11, 5, 16], "texture": "#1"},
				"west": {"uv": [4, 16, 5, 11], "rotation": 180, "texture": "#1"},
				"up": {"uv": [5, 11, 4, 12], "rotation": 90, "texture": "#1"},
				"down": {"uv": [4, 15, 5, 16], "rotation": 90, "texture": "#1"}
			}
		},
		{
			"name": "stone_19",
			"from": [16, 6, 5],
			"to": [17, 8, 8],
			"rotation": {"angle": 45, "axis": "x", "origin": [8, 10, 8]},
			"faces": {
				"north": {"uv": [10, 10, 11, 12], "texture": "#1"},
				"east": {"uv": [8, 10, 11, 12], "texture": "#1"},
				"south": {"uv": [8, 10, 9, 12], "texture": "#1"},
				"west": {"uv": [8, 12, 11, 10], "rotation": 180, "texture": "#1"},
				"up": {"uv": [11, 10, 8, 11], "rotation": 90, "texture": "#1"},
				"down": {"uv": [8, 11, 11, 12], "rotation": 90, "texture": "#1"}
			}
		},
		{
			"name": "stone_18",
			"from": [16, 2, 8],
			"to": [17, 8, 11],
			"rotation": {"angle": 45, "axis": "x", "origin": [8, 10, 8]},
			"faces": {
				"north": {"uv": [7, 10, 8, 16], "texture": "#1"},
				"east": {"uv": [5, 10, 8, 16], "texture": "#1"},
				"south": {"uv": [5, 10, 6, 16], "texture": "#1"},
				"west": {"uv": [5, 16, 8, 10], "rotation": 180, "texture": "#1"},
				"up": {"uv": [8, 10, 5, 11], "rotation": 90, "texture": "#1"},
				"down": {"uv": [5, 15, 8, 16], "rotation": 90, "texture": "#1"}
			}
		},
		{
			"name": "stone_17",
			"from": [16, 5, 12],
			"to": [17, 8, 13],
			"rotation": {"angle": 45, "axis": "x", "origin": [8, 10, 8]},
			"faces": {
				"north": {"uv": [3, 10, 4, 13], "texture": "#1"},
				"east": {"uv": [3, 10, 4, 13], "texture": "#1"},
				"south": {"uv": [3, 10, 4, 13], "texture": "#1"},
				"west": {"uv": [3, 13, 4, 10], "rotation": 180, "texture": "#1"},
				"up": {"uv": [4, 10, 3, 11], "rotation": 90, "texture": "#1"},
				"down": {"uv": [3, 12, 4, 13], "rotation": 90, "texture": "#1"}
			}
		},
		{
			"name": "stone_16",
			"from": [16, 7, 4],
			"to": [17, 9, 5],
			"rotation": {"angle": 45, "axis": "x", "origin": [8, 10, 8]},
			"faces": {
				"north": {"uv": [11, 9, 12, 11], "texture": "#1"},
				"east": {"uv": [11, 9, 12, 11], "texture": "#1"},
				"south": {"uv": [11, 9, 12, 11], "texture": "#1"},
				"west": {"uv": [11, 11, 12, 9], "rotation": 180, "texture": "#1"},
				"up": {"uv": [12, 9, 11, 10], "rotation": 90, "texture": "#1"},
				"down": {"uv": [11, 10, 12, 11], "rotation": 90, "texture": "#1"}
			}
		},
		{
			"name": "stone_15",
			"from": [16, 2, 13],
			"to": [17, 9, 15],
			"rotation": {"angle": 45, "axis": "x", "origin": [8, 10, 8]},
			"faces": {
				"north": {"uv": [2, 9, 3, 16], "texture": "#1"},
				"east": {"uv": [1, 9, 3, 16], "texture": "#1"},
				"south": {"uv": [1, 9, 2, 16], "texture": "#1"},
				"west": {"uv": [1, 16, 3, 9], "rotation": 180, "texture": "#1"},
				"up": {"uv": [3, 9, 1, 10], "rotation": 90, "texture": "#1"},
				"down": {"uv": [1, 15, 3, 16], "rotation": 90, "texture": "#1"}
			}
		},
		{
			"name": "stone_14",
			"from": [16, 9, 8],
			"to": [17, 10, 9],
			"rotation": {"angle": 45, "axis": "x", "origin": [8, 10, 8]},
			"faces": {
				"north": {"uv": [7, 8, 8, 9], "texture": "#1"},
				"east": {"uv": [7, 8, 8, 9], "texture": "#1"},
				"south": {"uv": [7, 8, 8, 9], "texture": "#1"},
				"west": {"uv": [7, 9, 8, 8], "rotation": 180, "texture": "#1"},
				"up": {"uv": [8, 8, 7, 9], "rotation": 90, "texture": "#1"},
				"down": {"uv": [7, 8, 8, 9], "rotation": 90, "texture": "#1"}
			}
		},
		{
			"name": "stone_13",
			"from": [16, 2, 15],
			"to": [17, 10, 16],
			"rotation": {"angle": 45, "axis": "x", "origin": [8, 10, 8]},
			"faces": {
				"north": {"uv": [0, 8, 1, 16], "texture": "#1"},
				"east": {"uv": [0, 8, 1, 16], "texture": "#1"},
				"south": {"uv": [0, 8, 1, 16], "texture": "#1"},
				"west": {"uv": [0, 16, 1, 8], "rotation": 180, "texture": "#1"},
				"up": {"uv": [1, 8, 0, 9], "rotation": 90, "texture": "#1"},
				"down": {"uv": [0, 15, 1, 16], "rotation": 90, "texture": "#1"}
			}
		},
		{
			"name": "stone_12",
			"from": [16, 9, 4],
			"to": [17, 11, 6],
			"rotation": {"angle": 45, "axis": "x", "origin": [8, 10, 8]},
			"faces": {
				"north": {"uv": [11, 7, 12, 9], "texture": "#1"},
				"east": {"uv": [10, 7, 12, 9], "texture": "#1"},
				"south": {"uv": [10, 7, 11, 9], "texture": "#1"},
				"west": {"uv": [10, 9, 12, 7], "rotation": 180, "texture": "#1"},
				"up": {"uv": [12, 7, 10, 8], "rotation": 90, "texture": "#1"},
				"down": {"uv": [10, 8, 12, 9], "rotation": 90, "texture": "#1"}
			}
		},
		{
			"name": "stone_11",
			"from": [16, 8, 9],
			"to": [17, 11, 13],
			"rotation": {"angle": 45, "axis": "x", "origin": [8, 10, 8]},
			"faces": {
				"north": {"uv": [6, 7, 7, 10], "texture": "#1"},
				"east": {"uv": [3, 7, 7, 10], "texture": "#1"},
				"south": {"uv": [3, 7, 4, 10], "texture": "#1"},
				"west": {"uv": [3, 10, 7, 7], "rotation": 180, "texture": "#1"},
				"up": {"uv": [7, 7, 3, 8], "rotation": 90, "texture": "#1"},
				"down": {"uv": [3, 9, 7, 10], "rotation": 90, "texture": "#1"}
			}
		},
		{
			"name": "stone_10",
			"from": [16, 10, 13],
			"to": [17, 12, 16],
			"rotation": {"angle": 45, "axis": "x", "origin": [8, 10, 8]},
			"faces": {
				"north": {"uv": [2, 6, 3, 8], "texture": "#1"},
				"east": {"uv": [0, 6, 3, 8], "texture": "#1"},
				"south": {"uv": [0, 6, 1, 8], "texture": "#1"},
				"west": {"uv": [0, 8, 3, 6], "rotation": 180, "texture": "#1"},
				"up": {"uv": [3, 6, 0, 7], "rotation": 90, "texture": "#1"},
				"down": {"uv": [0, 7, 3, 8], "rotation": 90, "texture": "#1"}
			}
		},
		{
			"name": "stone_9",
			"from": [16, 7, 2],
			"to": [17, 13, 4],
			"rotation": {"angle": 45, "axis": "x", "origin": [8, 10, 8]},
			"faces": {
				"north": {"uv": [13, 5, 14, 11], "texture": "#1"},
				"east": {"uv": [12, 5, 14, 11], "texture": "#1"},
				"south": {"uv": [12, 5, 13, 11], "texture": "#1"},
				"west": {"uv": [12, 11, 14, 5], "rotation": 180, "texture": "#1"},
				"up": {"uv": [14, 5, 12, 6], "rotation": 90, "texture": "#1"},
				"down": {"uv": [12, 10, 14, 11], "rotation": 90, "texture": "#1"}
			}
		},
		{
			"name": "stone_8",
			"from": [16, 10, 6],
			"to": [17, 13, 7],
			"rotation": {"angle": 45, "axis": "x", "origin": [8, 10, 8]},
			"faces": {
				"north": {"uv": [9, 5, 10, 8], "texture": "#1"},
				"east": {"uv": [9, 5, 10, 8], "texture": "#1"},
				"south": {"uv": [9, 5, 10, 8], "texture": "#1"},
				"west": {"uv": [9, 8, 10, 5], "rotation": 180, "texture": "#1"},
				"up": {"uv": [10, 5, 9, 6], "rotation": 90, "texture": "#1"},
				"down": {"uv": [9, 7, 10, 8], "rotation": 90, "texture": "#1"}
			}
		},
		{
			"name": "stone_7",
			"from": [16, 10, 7],
			"to": [17, 14, 9],
			"rotation": {"angle": 45, "axis": "x", "origin": [8, 10, 8]},
			"faces": {
				"north": {"uv": [8, 4, 9, 8], "texture": "#1"},
				"east": {"uv": [7, 4, 9, 8], "texture": "#1"},
				"south": {"uv": [7, 4, 8, 8], "texture": "#1"},
				"west": {"uv": [7, 8, 9, 4], "rotation": 180, "texture": "#1"},
				"up": {"uv": [9, 4, 7, 5], "rotation": 90, "texture": "#1"},
				"down": {"uv": [7, 7, 9, 8], "rotation": 90, "texture": "#1"}
			}
		},
		{
			"name": "stone_6",
			"from": [16, 13, 2],
			"to": [17, 15, 7],
			"rotation": {"angle": 45, "axis": "x", "origin": [8, 10, 8]},
			"faces": {
				"north": {"uv": [13, 3, 14, 5], "texture": "#1"},
				"east": {"uv": [9, 3, 14, 5], "texture": "#1"},
				"south": {"uv": [9, 3, 10, 5], "texture": "#1"},
				"west": {"uv": [9, 5, 14, 3], "rotation": 180, "texture": "#1"},
				"up": {"uv": [14, 3, 9, 4], "rotation": 90, "texture": "#1"},
				"down": {"uv": [9, 4, 14, 5], "rotation": 90, "texture": "#1"}
			}
		},
		{
			"name": "stone_5",
			"from": [16, 12, 11],
			"to": [17, 15, 12],
			"rotation": {"angle": 45, "axis": "x", "origin": [8, 10, 8]},
			"faces": {
				"north": {"uv": [4, 3, 5, 6], "texture": "#1"},
				"east": {"uv": [4, 3, 5, 6], "texture": "#1"},
				"south": {"uv": [4, 3, 5, 6], "texture": "#1"},
				"west": {"uv": [4, 6, 5, 3], "rotation": 180, "texture": "#1"},
				"up": {"uv": [5, 3, 4, 4], "rotation": 90, "texture": "#1"},
				"down": {"uv": [4, 5, 5, 6], "rotation": 90, "texture": "#1"}
			}
		},
		{
			"name": "stone_4",
			"from": [16, 2, 0],
			"to": [17, 16, 2],
			"rotation": {"angle": 45, "axis": "x", "origin": [8, 10, 8]},
			"faces": {
				"north": {"uv": [15, 2, 16, 16], "texture": "#1"},
				"east": {"uv": [14, 2, 16, 16], "texture": "#1"},
				"south": {"uv": [14, 2, 15, 16], "texture": "#1"},
				"west": {"uv": [14, 16, 16, 2], "rotation": 180, "texture": "#1"},
				"up": {"uv": [16, 2, 14, 3], "rotation": 90, "texture": "#1"},
				"down": {"uv": [14, 15, 16, 16], "rotation": 90, "texture": "#1"}
			}
		},
		{
			"name": "stone_3",
			"from": [16, 15, 4],
			"to": [17, 16, 9],
			"rotation": {"angle": 45, "axis": "x", "origin": [8, 10, 8]},
			"faces": {
				"north": {"uv": [11, 2, 12, 3], "texture": "#1"},
				"east": {"uv": [7, 2, 12, 3], "texture": "#1"},
				"south": {"uv": [7, 2, 8, 3], "texture": "#1"},
				"west": {"uv": [7, 3, 12, 2], "rotation": 180, "texture": "#1"},
				"up": {"uv": [12, 2, 7, 3], "rotation": 90, "texture": "#1"},
				"down": {"uv": [7, 2, 12, 3], "rotation": 90, "texture": "#1"}
			}
		},
		{
			"name": "stone_2",
			"from": [16, 13, 9],
			"to": [17, 16, 11],
			"rotation": {"angle": 45, "axis": "x", "origin": [8, 10, 8]},
			"faces": {
				"north": {"uv": [6, 2, 7, 5], "texture": "#1"},
				"east": {"uv": [5, 2, 7, 5], "texture": "#1"},
				"south": {"uv": [5, 2, 6, 5], "texture": "#1"},
				"west": {"uv": [5, 5, 7, 2], "rotation": 180, "texture": "#1"},
				"up": {"uv": [7, 2, 5, 3], "rotation": 90, "texture": "#1"},
				"down": {"uv": [5, 4, 7, 5], "rotation": 90, "texture": "#1"}
			}
		},
		{
			"name": "stone_1",
			"from": [16, 16, 0],
			"to": [17, 18, 12],
			"rotation": {"angle": 45, "axis": "x", "origin": [8, 10, 8]},
			"faces": {
				"north": {"uv": [15, 0, 16, 2], "texture": "#1"},
				"east": {"uv": [4, 0, 16, 2], "texture": "#1"},
				"south": {"uv": [4, 0, 5, 2], "texture": "#1"},
				"west": {"uv": [4, 2, 16, 0], "rotation": 180, "texture": "#1"},
				"up": {"uv": [16, 0, 4, 1], "rotation": 90, "texture": "#1"},
				"down": {"uv": [4, 1, 16, 2], "rotation": 90, "texture": "#1"}
			}
		},
		{
			"name": "stone_0",
			"from": [16, 12, 12],
			"to": [17, 18, 16],
			"rotation": {"angle": 45, "axis": "x", "origin": [8, 10, 8]},
			"faces": {
				"north": {"uv": [3, 0, 4, 6], "texture": "#1"},
				"east": {"uv": [0, 0, 4, 6], "texture": "#1"},
				"south": {"uv": [0, 0, 1, 6], "texture": "#1"},
				"west": {"uv": [0, 6, 4, 0], "rotation": 180, "texture": "#1"},
				"up": {"uv": [4, 0, 0, 1], "rotation": 90, "texture": "#1"},
				"down": {"uv": [0, 5, 4, 6], "rotation": 90, "texture": "#1"}
			}
		},
		{
			"name": "stone_25",
			"from": [12, 18, 0],
			"to": [13, 19, 1],
			"rotation": {"angle": 45, "axis": "x", "origin": [8, 10, 8]},
			"faces": {
				"north": {"uv": [3, 15, 4, 16], "texture": "#1"},
				"east": {"uv": [3, 15, 4, 16], "rotation": 270, "texture": "#1"},
				"south": {"uv": [4, 15, 3, 16], "texture": "#1"},
				"west": {"uv": [3, 15, 4, 16], "rotation": 90, "texture": "#1"},
				"up": {"uv": [3, 15, 4, 16], "rotation": 180, "texture": "#1"},
				"down": {"uv": [3, 16, 4, 15], "rotation": 180, "texture": "#1"}
			}
		},
		{
			"name": "stone_24",
			"from": [5, 18, 0],
			"to": [7, 19, 2],
			"rotation": {"angle": 45, "axis": "x", "origin": [8, 10, 8]},
			"faces": {
				"north": {"uv": [9, 15, 11, 16], "texture": "#1"},
				"east": {"uv": [9, 14, 10, 16], "rotation": 270, "texture": "#1"},
				"south": {"uv": [11, 14, 9, 15], "texture": "#1"},
				"west": {"uv": [10, 14, 11, 16], "rotation": 90, "texture": "#1"},
				"up": {"uv": [9, 14, 11, 16], "rotation": 180, "texture": "#1"},
				"down": {"uv": [9, 16, 11, 14], "rotation": 180, "texture": "#1"}
			}
		},
		{
			"name": "stone_23",
			"from": [2, 18, 0],
			"to": [5, 19, 3],
			"rotation": {"angle": 45, "axis": "x", "origin": [8, 10, 8]},
			"faces": {
				"north": {"uv": [11, 15, 14, 16], "texture": "#1"},
				"east": {"uv": [11, 13, 12, 16], "rotation": 270, "texture": "#1"},
				"south": {"uv": [14, 13, 11, 14], "texture": "#1"},
				"west": {"uv": [13, 13, 14, 16], "rotation": 90, "texture": "#1"},
				"up": {"uv": [11, 13, 14, 16], "rotation": 180, "texture": "#1"},
				"down": {"uv": [11, 16, 14, 13], "rotation": 180, "texture": "#1"}
			}
		},
		{
			"name": "stone_22",
			"from": [7, 18, 0],
			"to": [8, 19, 3],
			"rotation": {"angle": 45, "axis": "x", "origin": [8, 10, 8]},
			"faces": {
				"north": {"uv": [8, 15, 9, 16], "texture": "#1"},
				"east": {"uv": [8, 13, 9, 16], "rotation": 270, "texture": "#1"},
				"south": {"uv": [9, 13, 8, 14], "texture": "#1"},
				"west": {"uv": [8, 13, 9, 16], "rotation": 90, "texture": "#1"},
				"up": {"uv": [8, 13, 9, 16], "rotation": 180, "texture": "#1"},
				"down": {"uv": [8, 16, 9, 13], "rotation": 180, "texture": "#1"}
			}
		},
		{
			"name": "stone_21",
			"from": [2, 18, 4],
			"to": [3, 19, 5],
			"rotation": {"angle": 45, "axis": "x", "origin": [8, 10, 8]},
			"faces": {
				"north": {"uv": [13, 11, 14, 12], "texture": "#1"},
				"east": {"uv": [13, 11, 14, 12], "rotation": 270, "texture": "#1"},
				"south": {"uv": [14, 11, 13, 12], "texture": "#1"},
				"west": {"uv": [13, 11, 14, 12], "rotation": 90, "texture": "#1"},
				"up": {"uv": [13, 11, 14, 12], "rotation": 180, "texture": "#1"},
				"down": {"uv": [13, 12, 14, 11], "rotation": 180, "texture": "#1"}
			}
		},
		{
			"name": "stone_20",
			"from": [11, 18, 0],
			"to": [12, 19, 5],
			"rotation": {"angle": 45, "axis": "x", "origin": [8, 10, 8]},
			"faces": {
				"north": {"uv": [4, 15, 5, 16], "texture": "#1"},
				"east": {"uv": [4, 11, 5, 16], "rotation": 270, "texture": "#1"},
				"south": {"uv": [5, 11, 4, 12], "texture": "#1"},
				"west": {"uv": [4, 11, 5, 16], "rotation": 90, "texture": "#1"},
				"up": {"uv": [4, 11, 5, 16], "rotation": 180, "texture": "#1"},
				"down": {"uv": [4, 16, 5, 11], "rotation": 180, "texture": "#1"}
			}
		},
		{
			"name": "stone_19",
			"from": [5, 18, 4],
			"to": [8, 19, 6],
			"rotation": {"angle": 45, "axis": "x", "origin": [8, 10, 8]},
			"faces": {
				"north": {"uv": [8, 11, 11, 12], "texture": "#1"},
				"east": {"uv": [8, 10, 9, 12], "rotation": 270, "texture": "#1"},
				"south": {"uv": [11, 10, 8, 11], "texture": "#1"},
				"west": {"uv": [10, 10, 11, 12], "rotation": 90, "texture": "#1"},
				"up": {"uv": [8, 10, 11, 12], "rotation": 180, "texture": "#1"},
				"down": {"uv": [8, 12, 11, 10], "rotation": 180, "texture": "#1"}
			}
		},
		{
			"name": "stone_18",
			"from": [8, 18, 0],
			"to": [11, 19, 6],
			"rotation": {"angle": 45, "axis": "x", "origin": [8, 10, 8]},
			"faces": {
				"north": {"uv": [5, 15, 8, 16], "texture": "#1"},
				"east": {"uv": [5, 10, 6, 16], "rotation": 270, "texture": "#1"},
				"south": {"uv": [8, 10, 5, 11], "texture": "#1"},
				"west": {"uv": [7, 10, 8, 16], "rotation": 90, "texture": "#1"},
				"up": {"uv": [5, 10, 8, 16], "rotation": 180, "texture": "#1"},
				"down": {"uv": [5, 16, 8, 10], "rotation": 180, "texture": "#1"}
			}
		},
		{
			"name": "stone_17",
			"from": [12, 18, 3],
			"to": [13, 19, 6],
			"rotation": {"angle": 45, "axis": "x", "origin": [8, 10, 8]},
			"faces": {
				"north": {"uv": [3, 12, 4, 13], "texture": "#1"},
				"east": {"uv": [3, 10, 4, 13], "rotation": 270, "texture": "#1"},
				"south": {"uv": [4, 10, 3, 11], "texture": "#1"},
				"west": {"uv": [3, 10, 4, 13], "rotation": 90, "texture": "#1"},
				"up": {"uv": [3, 10, 4, 13], "rotation": 180, "texture": "#1"},
				"down": {"uv": [3, 13, 4, 10], "rotation": 180, "texture": "#1"}
			}
		},
		{
			"name": "stone_16",
			"from": [4, 18, 5],
			"to": [5, 19, 7],
			"rotation": {"angle": 45, "axis": "x", "origin": [8, 10, 8]},
			"faces": {
				"north": {"uv": [11, 10, 12, 11], "texture": "#1"},
				"east": {"uv": [11, 9, 12, 11], "rotation": 270, "texture": "#1"},
				"south": {"uv": [12, 9, 11, 10], "texture": "#1"},
				"west": {"uv": [11, 9, 12, 11], "rotation": 90, "texture": "#1"},
				"up": {"uv": [11, 9, 12, 11], "rotation": 180, "texture": "#1"},
				"down": {"uv": [11, 11, 12, 9], "rotation": 180, "texture": "#1"}
			}
		},
		{
			"name": "stone_15",
			"from": [13, 18, 0],
			"to": [15, 19, 7],
			"rotation": {"angle": 45, "axis": "x", "origin": [8, 10, 8]},
			"faces": {
				"north": {"uv": [1, 15, 3, 16], "texture": "#1"},
				"east": {"uv": [1, 9, 2, 16], "rotation": 270, "texture": "#1"},
				"south": {"uv": [3, 9, 1, 10], "texture": "#1"},
				"west": {"uv": [2, 9, 3, 16], "rotation": 90, "texture": "#1"},
				"up": {"uv": [1, 9, 3, 16], "rotation": 180, "texture": "#1"},
				"down": {"uv": [1, 16, 3, 9], "rotation": 180, "texture": "#1"}
			}
		},
		{
			"name": "stone_14",
			"from": [8, 18, 7],
			"to": [9, 19, 8],
			"rotation": {"angle": 45, "axis": "x", "origin": [8, 10, 8]},
			"faces": {
				"north": {"uv": [7, 8, 8, 9], "texture": "#1"},
				"east": {"uv": [7, 8, 8, 9], "rotation": 270, "texture": "#1"},
				"south": {"uv": [8, 8, 7, 9], "texture": "#1"},
				"west": {"uv": [7, 8, 8, 9], "rotation": 90, "texture": "#1"},
				"up": {"uv": [7, 8, 8, 9], "rotation": 180, "texture": "#1"},
				"down": {"uv": [7, 9, 8, 8], "rotation": 180, "texture": "#1"}
			}
		},
		{
			"name": "stone_13",
			"from": [15, 18, 0],
			"to": [16, 19, 8],
			"rotation": {"angle": 45, "axis": "x", "origin": [8, 10, 8]},
			"faces": {
				"north": {"uv": [0, 15, 1, 16], "texture": "#1"},
				"east": {"uv": [0, 8, 1, 16], "rotation": 270, "texture": "#1"},
				"south": {"uv": [1, 8, 0, 9], "texture": "#1"},
				"west": {"uv": [0, 8, 1, 16], "rotation": 90, "texture": "#1"},
				"up": {"uv": [0, 8, 1, 16], "rotation": 180, "texture": "#1"},
				"down": {"uv": [0, 16, 1, 8], "rotation": 180, "texture": "#1"}
			}
		},
		{
			"name": "stone_12",
			"from": [4, 18, 7],
			"to": [6, 19, 9],
			"rotation": {"angle": 45, "axis": "x", "origin": [8, 10, 8]},
			"faces": {
				"north": {"uv": [10, 8, 12, 9], "texture": "#1"},
				"east": {"uv": [10, 7, 11, 9], "rotation": 270, "texture": "#1"},
				"south": {"uv": [12, 7, 10, 8], "texture": "#1"},
				"west": {"uv": [11, 7, 12, 9], "rotation": 90, "texture": "#1"},
				"up": {"uv": [10, 7, 12, 9], "rotation": 180, "texture": "#1"},
				"down": {"uv": [10, 9, 12, 7], "rotation": 180, "texture": "#1"}
			}
		},
		{
			"name": "stone_11",
			"from": [9, 18, 6],
			"to": [13, 19, 9],
			"rotation": {"angle": 45, "axis": "x", "origin": [8, 10, 8]},
			"faces": {
				"north": {"uv": [3, 9, 7, 10], "texture": "#1"},
				"east": {"uv": [3, 7, 4, 10], "rotation": 270, "texture": "#1"},
				"south": {"uv": [7, 7, 3, 8], "texture": "#1"},
				"west": {"uv": [6, 7, 7, 10], "rotation": 90, "texture": "#1"},
				"up": {"uv": [3, 7, 7, 10], "rotation": 180, "texture": "#1"},
				"down": {"uv": [3, 10, 7, 7], "rotation": 180, "texture": "#1"}
			}
		},
		{
			"name": "stone_10",
			"from": [13, 18, 8],
			"to": [16, 19, 10],
			"rotation": {"angle": 45, "axis": "x", "origin": [8, 10, 8]},
			"faces": {
				"north": {"uv": [0, 7, 3, 8], "texture": "#1"},
				"east": {"uv": [0, 6, 1, 8], "rotation": 270, "texture": "#1"},
				"south": {"uv": [3, 6, 0, 7], "texture": "#1"},
				"west": {"uv": [2, 6, 3, 8], "rotation": 90, "texture": "#1"},
				"up": {"uv": [0, 6, 3, 8], "rotation": 180, "texture": "#1"},
				"down": {"uv": [0, 8, 3, 6], "rotation": 180, "texture": "#1"}
			}
		},
		{
			"name": "stone_9",
			"from": [2, 18, 5],
			"to": [4, 19, 11],
			"rotation": {"angle": 45, "axis": "x", "origin": [8, 10, 8]},
			"faces": {
				"north": {"uv": [12, 10, 14, 11], "texture": "#1"},
				"east": {"uv": [12, 5, 13, 11], "rotation": 270, "texture": "#1"},
				"south": {"uv": [14, 5, 12, 6], "texture": "#1"},
				"west": {"uv": [13, 5, 14, 11], "rotation": 90, "texture": "#1"},
				"up": {"uv": [12, 5, 14, 11], "rotation": 180, "texture": "#1"},
				"down": {"uv": [12, 11, 14, 5], "rotation": 180, "texture": "#1"}
			}
		},
		{
			"name": "stone_8",
			"from": [6, 18, 8],
			"to": [7, 19, 11],
			"rotation": {"angle": 45, "axis": "x", "origin": [8, 10, 8]},
			"faces": {
				"north": {"uv": [9, 7, 10, 8], "texture": "#1"},
				"east": {"uv": [9, 5, 10, 8], "rotation": 270, "texture": "#1"},
				"south": {"uv": [10, 5, 9, 6], "texture": "#1"},
				"west": {"uv": [9, 5, 10, 8], "rotation": 90, "texture": "#1"},
				"up": {"uv": [9, 5, 10, 8], "rotation": 180, "texture": "#1"},
				"down": {"uv": [9, 8, 10, 5], "rotation": 180, "texture": "#1"}
			}
		},
		{
			"name": "stone_7",
			"from": [7, 18, 8],
			"to": [9, 19, 12],
			"rotation": {"angle": 45, "axis": "x", "origin": [8, 10, 8]},
			"faces": {
				"north": {"uv": [7, 7, 9, 8], "texture": "#1"},
				"east": {"uv": [7, 4, 8, 8], "rotation": 270, "texture": "#1"},
				"south": {"uv": [9, 4, 7, 5], "texture": "#1"},
				"west": {"uv": [8, 4, 9, 8], "rotation": 90, "texture": "#1"},
				"up": {"uv": [7, 4, 9, 8], "rotation": 180, "texture": "#1"},
				"down": {"uv": [7, 8, 9, 4], "rotation": 180, "texture": "#1"}
			}
		},
		{
			"name": "stone_6",
			"from": [2, 18, 11],
			"to": [7, 19, 13],
			"rotation": {"angle": 45, "axis": "x", "origin": [8, 10, 8]},
			"faces": {
				"north": {"uv": [9, 4, 14, 5], "texture": "#1"},
				"east": {"uv": [9, 3, 10, 5], "rotation": 270, "texture": "#1"},
				"south": {"uv": [14, 3, 9, 4], "texture": "#1"},
				"west": {"uv": [13, 3, 14, 5], "rotation": 90, "texture": "#1"},
				"up": {"uv": [9, 3, 14, 5], "rotation": 180, "texture": "#1"},
				"down": {"uv": [9, 5, 14, 3], "rotation": 180, "texture": "#1"}
			}
		},
		{
			"name": "stone_5",
			"from": [11, 18, 10],
			"to": [12, 19, 13],
			"rotation": {"angle": 45, "axis": "x", "origin": [8, 10, 8]},
			"faces": {
				"north": {"uv": [4, 5, 5, 6], "texture": "#1"},
				"east": {"uv": [4, 3, 5, 6], "rotation": 270, "texture": "#1"},
				"south": {"uv": [5, 3, 4, 4], "texture": "#1"},
				"west": {"uv": [4, 3, 5, 6], "rotation": 90, "texture": "#1"},
				"up": {"uv": [4, 3, 5, 6], "rotation": 180, "texture": "#1"},
				"down": {"uv": [4, 6, 5, 3], "rotation": 180, "texture": "#1"}
			}
		},
		{
			"name": "stone_4",
			"from": [0, 18, 0],
			"to": [2, 19, 14],
			"rotation": {"angle": 45, "axis": "x", "origin": [8, 10, 8]},
			"faces": {
				"north": {"uv": [14, 15, 16, 16], "texture": "#1"},
				"east": {"uv": [14, 2, 15, 16], "rotation": 270, "texture": "#1"},
				"south": {"uv": [16, 2, 14, 3], "texture": "#1"},
				"west": {"uv": [15, 2, 16, 16], "rotation": 90, "texture": "#1"},
				"up": {"uv": [14, 2, 16, 16], "rotation": 180, "texture": "#1"},
				"down": {"uv": [14, 16, 16, 2], "rotation": 180, "texture": "#1"}
			}
		},
		{
			"name": "stone_3",
			"from": [4, 18, 13],
			"to": [9, 19, 14],
			"rotation": {"angle": 45, "axis": "x", "origin": [8, 10, 8]},
			"faces": {
				"north": {"uv": [7, 2, 12, 3], "texture": "#1"},
				"east": {"uv": [7, 2, 8, 3], "rotation": 270, "texture": "#1"},
				"south": {"uv": [12, 2, 7, 3], "texture": "#1"},
				"west": {"uv": [11, 2, 12, 3], "rotation": 90, "texture": "#1"},
				"up": {"uv": [7, 2, 12, 3], "rotation": 180, "texture": "#1"},
				"down": {"uv": [7, 3, 12, 2], "rotation": 180, "texture": "#1"}
			}
		},
		{
			"name": "stone_2",
			"from": [9, 18, 11],
			"to": [11, 19, 14],
			"rotation": {"angle": 45, "axis": "x", "origin": [8, 10, 8]},
			"faces": {
				"north": {"uv": [5, 4, 7, 5], "texture": "#1"},
				"east": {"uv": [5, 2, 6, 5], "rotation": 270, "texture": "#1"},
				"south": {"uv": [7, 2, 5, 3], "texture": "#1"},
				"west": {"uv": [6, 2, 7, 5], "rotation": 90, "texture": "#1"},
				"up": {"uv": [5, 2, 7, 5], "rotation": 180, "texture": "#1"},
				"down": {"uv": [5, 5, 7, 2], "rotation": 180, "texture": "#1"}
			}
		},
		{
			"name": "stone_1",
			"from": [0, 18, 14],
			"to": [12, 19, 16],
			"rotation": {"angle": 45, "axis": "x", "origin": [8, 10, 8]},
			"faces": {
				"north": {"uv": [4, 1, 16, 2], "texture": "#1"},
				"east": {"uv": [4, 0, 5, 2], "rotation": 270, "texture": "#1"},
				"south": {"uv": [16, 0, 4, 1], "texture": "#1"},
				"west": {"uv": [15, 0, 16, 2], "rotation": 90, "texture": "#1"},
				"up": {"uv": [4, 0, 16, 2], "rotation": 180, "texture": "#1"},
				"down": {"uv": [4, 2, 16, 0], "rotation": 180, "texture": "#1"}
			}
		},
		{
			"name": "stone_0",
			"from": [12, 18, 10],
			"to": [16, 19, 16],
			"rotation": {"angle": 45, "axis": "x", "origin": [8, 10, 8]},
			"faces": {
				"north": {"uv": [0, 5, 4, 6], "texture": "#1"},
				"east": {"uv": [0, 0, 1, 6], "rotation": 270, "texture": "#1"},
				"south": {"uv": [4, 0, 0, 1], "texture": "#1"},
				"west": {"uv": [3, 0, 4, 6], "rotation": 90, "texture": "#1"},
				"up": {"uv": [0, 0, 4, 6], "rotation": 180, "texture": "#1"},
				"down": {"uv": [0, 6, 4, 0], "rotation": 180, "texture": "#1"}
			}
		},
		{
			"name": "stone_25",
			"from": [12, 1, 0],
			"to": [13, 2, 1],
			"rotation": {"angle": 45, "axis": "x", "origin": [8, 10, 8]},
			"faces": {
				"north": {"uv": [3, 15, 4, 16], "texture": "#1"},
				"east": {"uv": [3, 15, 4, 16], "rotation": 270, "texture": "#1"},
				"south": {"uv": [4, 15, 3, 16], "texture": "#1"},
				"west": {"uv": [3, 15, 4, 16], "rotation": 90, "texture": "#1"},
				"up": {"uv": [3, 15, 4, 16], "rotation": 180, "texture": "#1"},
				"down": {"uv": [3, 16, 4, 15], "rotation": 180, "texture": "#1"}
			}
		},
		{
			"name": "stone_24",
			"from": [5, 1, 0],
			"to": [7, 2, 2],
			"rotation": {"angle": 45, "axis": "x", "origin": [8, 10, 8]},
			"faces": {
				"north": {"uv": [9, 15, 11, 16], "texture": "#1"},
				"east": {"uv": [9, 14, 10, 16], "rotation": 270, "texture": "#1"},
				"south": {"uv": [11, 14, 9, 15], "texture": "#1"},
				"west": {"uv": [10, 14, 11, 16], "rotation": 90, "texture": "#1"},
				"up": {"uv": [9, 14, 11, 16], "rotation": 180, "texture": "#1"},
				"down": {"uv": [9, 16, 11, 14], "rotation": 180, "texture": "#1"}
			}
		},
		{
			"name": "stone_23",
			"from": [2, 1, 0],
			"to": [5, 2, 3],
			"rotation": {"angle": 45, "axis": "x", "origin": [8, 10, 8]},
			"faces": {
				"north": {"uv": [11, 15, 14, 16], "texture": "#1"},
				"east": {"uv": [11, 13, 12, 16], "rotation": 270, "texture": "#1"},
				"south": {"uv": [14, 13, 11, 14], "texture": "#1"},
				"west": {"uv": [13, 13, 14, 16], "rotation": 90, "texture": "#1"},
				"up": {"uv": [11, 13, 14, 16], "rotation": 180, "texture": "#1"},
				"down": {"uv": [11, 16, 14, 13], "rotation": 180, "texture": "#1"}
			}
		},
		{
			"name": "stone_22",
			"from": [7, 1, 0],
			"to": [8, 2, 3],
			"rotation": {"angle": 45, "axis": "x", "origin": [8, 10, 8]},
			"faces": {
				"north": {"uv": [8, 15, 9, 16], "texture": "#1"},
				"east": {"uv": [8, 13, 9, 16], "rotation": 270, "texture": "#1"},
				"south": {"uv": [9, 13, 8, 14], "texture": "#1"},
				"west": {"uv": [8, 13, 9, 16], "rotation": 90, "texture": "#1"},
				"up": {"uv": [8, 13, 9, 16], "rotation": 180, "texture": "#1"},
				"down": {"uv": [8, 16, 9, 13], "rotation": 180, "texture": "#1"}
			}
		},
		{
			"name": "stone_21",
			"from": [2, 1, 4],
			"to": [3, 2, 5],
			"rotation": {"angle": 45, "axis": "x", "origin": [8, 10, 8]},
			"faces": {
				"north": {"uv": [13, 11, 14, 12], "texture": "#1"},
				"east": {"uv": [13, 11, 14, 12], "rotation": 270, "texture": "#1"},
				"south": {"uv": [14, 11, 13, 12], "texture": "#1"},
				"west": {"uv": [13, 11, 14, 12], "rotation": 90, "texture": "#1"},
				"up": {"uv": [13, 11, 14, 12], "rotation": 180, "texture": "#1"},
				"down": {"uv": [13, 12, 14, 11], "rotation": 180, "texture": "#1"}
			}
		},
		{
			"name": "stone_20",
			"from": [11, 1, 0],
			"to": [12, 2, 5],
			"rotation": {"angle": 45, "axis": "x", "origin": [8, 10, 8]},
			"faces": {
				"north": {"uv": [4, 15, 5, 16], "texture": "#1"},
				"east": {"uv": [4, 11, 5, 16], "rotation": 270, "texture": "#1"},
				"south": {"uv": [5, 11, 4, 12], "texture": "#1"},
				"west": {"uv": [4, 11, 5, 16], "rotation": 90, "texture": "#1"},
				"up": {"uv": [4, 11, 5, 16], "rotation": 180, "texture": "#1"},
				"down": {"uv": [4, 16, 5, 11], "rotation": 180, "texture": "#1"}
			}
		},
		{
			"name": "stone_19",
			"from": [5, 1, 4],
			"to": [8, 2, 6],
			"rotation": {"angle": 45, "axis": "x", "origin": [8, 10, 8]},
			"faces": {
				"north": {"uv": [8, 11, 11, 12], "texture": "#1"},
				"east": {"uv": [8, 10, 9, 12], "rotation": 270, "texture": "#1"},
				"south": {"uv": [11, 10, 8, 11], "texture": "#1"},
				"west": {"uv": [10, 10, 11, 12], "rotation": 90, "texture": "#1"},
				"up": {"uv": [8, 10, 11, 12], "rotation": 180, "texture": "#1"},
				"down": {"uv": [8, 12, 11, 10], "rotation": 180, "texture": "#1"}
			}
		},
		{
			"name": "stone_18",
			"from": [8, 1, 0],
			"to": [11, 2, 6],
			"rotation": {"angle": 45, "axis": "x", "origin": [8, 10, 8]},
			"faces": {
				"north": {"uv": [5, 15, 8, 16], "texture": "#1"},
				"east": {"uv": [5, 10, 6, 16], "rotation": 270, "texture": "#1"},
				"south": {"uv": [8, 10, 5, 11], "texture": "#1"},
				"west": {"uv": [7, 10, 8, 16], "rotation": 90, "texture": "#1"},
				"up": {"uv": [5, 10, 8, 16], "rotation": 180, "texture": "#1"},
				"down": {"uv": [5, 16, 8, 10], "rotation": 180, "texture": "#1"}
			}
		},
		{
			"name": "stone_17",
			"from": [12, 1, 3],
			"to": [13, 2, 6],
			"rotation": {"angle": 45, "axis": "x", "origin": [8, 10, 8]},
			"faces": {
				"north": {"uv": [3, 12, 4, 13], "texture": "#1"},
				"east": {"uv": [3, 10, 4, 13], "rotation": 270, "texture": "#1"},
				"south": {"uv": [4, 10, 3, 11], "texture": "#1"},
				"west": {"uv": [3, 10, 4, 13], "rotation": 90, "texture": "#1"},
				"up": {"uv": [3, 10, 4, 13], "rotation": 180, "texture": "#1"},
				"down": {"uv": [3, 13, 4, 10], "rotation": 180, "texture": "#1"}
			}
		},
		{
			"name": "stone_16",
			"from": [4, 1, 5],
			"to": [5, 2, 7],
			"rotation": {"angle": 45, "axis": "x", "origin": [8, 10, 8]},
			"faces": {
				"north": {"uv": [11, 10, 12, 11], "texture": "#1"},
				"east": {"uv": [11, 9, 12, 11], "rotation": 270, "texture": "#1"},
				"south": {"uv": [12, 9, 11, 10], "texture": "#1"},
				"west": {"uv": [11, 9, 12, 11], "rotation": 90, "texture": "#1"},
				"up": {"uv": [11, 9, 12, 11], "rotation": 180, "texture": "#1"},
				"down": {"uv": [11, 11, 12, 9], "rotation": 180, "texture": "#1"}
			}
		},
		{
			"name": "stone_15",
			"from": [13, 1, 0],
			"to": [15, 2, 7],
			"rotation": {"angle": 45, "axis": "x", "origin": [8, 10, 8]},
			"faces": {
				"north": {"uv": [1, 15, 3, 16], "texture": "#1"},
				"east": {"uv": [1, 9, 2, 16], "rotation": 270, "texture": "#1"},
				"south": {"uv": [3, 9, 1, 10], "texture": "#1"},
				"west": {"uv": [2, 9, 3, 16], "rotation": 90, "texture": "#1"},
				"up": {"uv": [1, 9, 3, 16], "rotation": 180, "texture": "#1"},
				"down": {"uv": [1, 16, 3, 9], "rotation": 180, "texture": "#1"}
			}
		},
		{
			"name": "stone_14",
			"from": [8, 1, 7],
			"to": [9, 2, 8],
			"rotation": {"angle": 45, "axis": "x", "origin": [8, 10, 8]},
			"faces": {
				"north": {"uv": [7, 8, 8, 9], "texture": "#1"},
				"east": {"uv": [7, 8, 8, 9], "rotation": 270, "texture": "#1"},
				"south": {"uv": [8, 8, 7, 9], "texture": "#1"},
				"west": {"uv": [7, 8, 8, 9], "rotation": 90, "texture": "#1"},
				"up": {"uv": [7, 8, 8, 9], "rotation": 180, "texture": "#1"},
				"down": {"uv": [7, 9, 8, 8], "rotation": 180, "texture": "#1"}
			}
		},
		{
			"name": "stone_13",
			"from": [15, 1, 0],
			"to": [16, 2, 8],
			"rotation": {"angle": 45, "axis": "x", "origin": [8, 10, 8]},
			"faces": {
				"north": {"uv": [0, 15, 1, 16], "texture": "#1"},
				"east": {"uv": [0, 8, 1, 16], "rotation": 270, "texture": "#1"},
				"south": {"uv": [1, 8, 0, 9], "texture": "#1"},
				"west": {"uv": [0, 8, 1, 16], "rotation": 90, "texture": "#1"},
				"up": {"uv": [0, 8, 1, 16], "rotation": 180, "texture": "#1"},
				"down": {"uv": [0, 16, 1, 8], "rotation": 180, "texture": "#1"}
			}
		},
		{
			"name": "stone_12",
			"from": [4, 1, 7],
			"to": [6, 2, 9],
			"rotation": {"angle": 45, "axis": "x", "origin": [8, 10, 8]},
			"faces": {
				"north": {"uv": [10, 8, 12, 9], "texture": "#1"},
				"east": {"uv": [10, 7, 11, 9], "rotation": 270, "texture": "#1"},
				"south": {"uv": [12, 7, 10, 8], "texture": "#1"},
				"west": {"uv": [11, 7, 12, 9], "rotation": 90, "texture": "#1"},
				"up": {"uv": [10, 7, 12, 9], "rotation": 180, "texture": "#1"},
				"down": {"uv": [10, 9, 12, 7], "rotation": 180, "texture": "#1"}
			}
		},
		{
			"name": "stone_11",
			"from": [9, 1, 6],
			"to": [13, 2, 9],
			"rotation": {"angle": 45, "axis": "x", "origin": [8, 10, 8]},
			"faces": {
				"north": {"uv": [3, 9, 7, 10], "texture": "#1"},
				"east": {"uv": [3, 7, 4, 10], "rotation": 270, "texture": "#1"},
				"south": {"uv": [7, 7, 3, 8], "texture": "#1"},
				"west": {"uv": [6, 7, 7, 10], "rotation": 90, "texture": "#1"},
				"up": {"uv": [3, 7, 7, 10], "rotation": 180, "texture": "#1"},
				"down": {"uv": [3, 10, 7, 7], "rotation": 180, "texture": "#1"}
			}
		},
		{
			"name": "stone_10",
			"from": [13, 1, 8],
			"to": [16, 2, 10],
			"rotation": {"angle": 45, "axis": "x", "origin": [8, 10, 8]},
			"faces": {
				"north": {"uv": [0, 7, 3, 8], "texture": "#1"},
				"east": {"uv": [0, 6, 1, 8], "rotation": 270, "texture": "#1"},
				"south": {"uv": [3, 6, 0, 7], "texture": "#1"},
				"west": {"uv": [2, 6, 3, 8], "rotation": 90, "texture": "#1"},
				"up": {"uv": [0, 6, 3, 8], "rotation": 180, "texture": "#1"},
				"down": {"uv": [0, 8, 3, 6], "rotation": 180, "texture": "#1"}
			}
		},
		{
			"name": "stone_9",
			"from": [2, 1, 5],
			"to": [4, 2, 11],
			"rotation": {"angle": 45, "axis": "x", "origin": [8, 10, 8]},
			"faces": {
				"north": {"uv": [12, 10, 14, 11], "texture": "#1"},
				"east": {"uv": [12, 5, 13, 11], "rotation": 270, "texture": "#1"},
				"south": {"uv": [14, 5, 12, 6], "texture": "#1"},
				"west": {"uv": [13, 5, 14, 11], "rotation": 90, "texture": "#1"},
				"up": {"uv": [12, 5, 14, 11], "rotation": 180, "texture": "#1"},
				"down": {"uv": [12, 11, 14, 5], "rotation": 180, "texture": "#1"}
			}
		},
		{
			"name": "stone_8",
			"from": [6, 1, 8],
			"to": [7, 2, 11],
			"rotation": {"angle": 45, "axis": "x", "origin": [8, 10, 8]},
			"faces": {
				"north": {"uv": [9, 7, 10, 8], "texture": "#1"},
				"east": {"uv": [9, 5, 10, 8], "rotation": 270, "texture": "#1"},
				"south": {"uv": [10, 5, 9, 6], "texture": "#1"},
				"west": {"uv": [9, 5, 10, 8], "rotation": 90, "texture": "#1"},
				"up": {"uv": [9, 5, 10, 8], "rotation": 180, "texture": "#1"},
				"down": {"uv": [9, 8, 10, 5], "rotation": 180, "texture": "#1"}
			}
		},
		{
			"name": "stone_7",
			"from": [7, 1, 8],
			"to": [9, 2, 12],
			"rotation": {"angle": 45, "axis": "x", "origin": [8, 10, 8]},
			"faces": {
				"north": {"uv": [7, 7, 9, 8], "texture": "#1"},
				"east": {"uv": [7, 4, 8, 8], "rotation": 270, "texture": "#1"},
				"south": {"uv": [9, 4, 7, 5], "texture": "#1"},
				"west": {"uv": [8, 4, 9, 8], "rotation": 90, "texture": "#1"},
				"up": {"uv": [7, 4, 9, 8], "rotation": 180, "texture": "#1"},
				"down": {"uv": [7, 8, 9, 4], "rotation": 180, "texture": "#1"}
			}
		},
		{
			"name": "stone_6",
			"from": [2, 1, 11],
			"to": [7, 2, 13],
			"rotation": {"angle": 45, "axis": "x", "origin": [8, 10, 8]},
			"faces": {
				"north": {"uv": [9, 4, 14, 5], "texture": "#1"},
				"east": {"uv": [9, 3, 10, 5], "rotation": 270, "texture": "#1"},
				"south": {"uv": [14, 3, 9, 4], "texture": "#1"},
				"west": {"uv": [13, 3, 14, 5], "rotation": 90, "texture": "#1"},
				"up": {"uv": [9, 3, 14, 5], "rotation": 180, "texture": "#1"},
				"down": {"uv": [9, 5, 14, 3], "rotation": 180, "texture": "#1"}
			}
		},
		{
			"name": "stone_5",
			"from": [11, 1, 10],
			"to": [12, 2, 13],
			"rotation": {"angle": 45, "axis": "x", "origin": [8, 10, 8]},
			"faces": {
				"north": {"uv": [4, 5, 5, 6], "texture": "#1"},
				"east": {"uv": [4, 3, 5, 6], "rotation": 270, "texture": "#1"},
				"south": {"uv": [5, 3, 4, 4], "texture": "#1"},
				"west": {"uv": [4, 3, 5, 6], "rotation": 90, "texture": "#1"},
				"up": {"uv": [4, 3, 5, 6], "rotation": 180, "texture": "#1"},
				"down": {"uv": [4, 6, 5, 3], "rotation": 180, "texture": "#1"}
			}
		},
		{
			"name": "stone_4",
			"from": [0, 1, 0],
			"to": [2, 2, 14],
			"rotation": {"angle": 45, "axis": "x", "origin": [8, 10, 8]},
			"faces": {
				"north": {"uv": [14, 15, 16, 16], "texture": "#1"},
				"east": {"uv": [14, 2, 15, 16], "rotation": 270, "texture": "#1"},
				"south": {"uv": [16, 2, 14, 3], "texture": "#1"},
				"west": {"uv": [15, 2, 16, 16], "rotation": 90, "texture": "#1"},
				"up": {"uv": [14, 2, 16, 16], "rotation": 180, "texture": "#1"},
				"down": {"uv": [14, 16, 16, 2], "rotation": 180, "texture": "#1"}
			}
		},
		{
			"name": "stone_3",
			"from": [4, 1, 13],
			"to": [9, 2, 14],
			"rotation": {"angle": 45, "axis": "x", "origin": [8, 10, 8]},
			"faces": {
				"north": {"uv": [7, 2, 12, 3], "texture": "#1"},
				"east": {"uv": [7, 2, 8, 3], "rotation": 270, "texture": "#1"},
				"south": {"uv": [12, 2, 7, 3], "texture": "#1"},
				"west": {"uv": [11, 2, 12, 3], "rotation": 90, "texture": "#1"},
				"up": {"uv": [7, 2, 12, 3], "rotation": 180, "texture": "#1"},
				"down": {"uv": [7, 3, 12, 2], "rotation": 180, "texture": "#1"}
			}
		},
		{
			"name": "stone_2",
			"from": [9, 1, 11],
			"to": [11, 2, 14],
			"rotation": {"angle": 45, "axis": "x", "origin": [8, 10, 8]},
			"faces": {
				"north": {"uv": [5, 4, 7, 5], "texture": "#1"},
				"east": {"uv": [5, 2, 6, 5], "rotation": 270, "texture": "#1"},
				"south": {"uv": [7, 2, 5, 3], "texture": "#1"},
				"west": {"uv": [6, 2, 7, 5], "rotation": 90, "texture": "#1"},
				"up": {"uv": [5, 2, 7, 5], "rotation": 180, "texture": "#1"},
				"down": {"uv": [5, 5, 7, 2], "rotation": 180, "texture": "#1"}
			}
		},
		{
			"name": "stone_1",
			"from": [0, 1, 14],
			"to": [12, 2, 16],
			"rotation": {"angle": 45, "axis": "x", "origin": [8, 10, 8]},
			"faces": {
				"north": {"uv": [4, 1, 16, 2], "texture": "#1"},
				"east": {"uv": [4, 0, 5, 2], "rotation": 270, "texture": "#1"},
				"south": {"uv": [16, 0, 4, 1], "texture": "#1"},
				"west": {"uv": [15, 0, 16, 2], "rotation": 90, "texture": "#1"},
				"up": {"uv": [4, 0, 16, 2], "rotation": 180, "texture": "#1"},
				"down": {"uv": [4, 2, 16, 0], "rotation": 180, "texture": "#1"}
			}
		},
		{
			"name": "stone_0",
			"from": [12, 1, 10],
			"to": [16, 2, 16],
			"rotation": {"angle": 45, "axis": "x", "origin": [8, 10, 8]},
			"faces": {
				"north": {"uv": [0, 5, 4, 6], "texture": "#1"},
				"east": {"uv": [0, 0, 1, 6], "rotation": 270, "texture": "#1"},
				"south": {"uv": [4, 0, 0, 1], "texture": "#1"},
				"west": {"uv": [3, 0, 4, 6], "rotation": 90, "texture": "#1"},
				"up": {"uv": [0, 0, 4, 6], "rotation": 180, "texture": "#1"},
				"down": {"uv": [0, 6, 4, 0], "rotation": 180, "texture": "#1"}
			}
		},
		{
			"name": "stone_1",
			"from": [4, 16, 16],
			"to": [16, 18, 17],
			"rotation": {"angle": 45, "axis": "x", "origin": [8, 10, 8]},
			"faces": {
				"north": {"uv": [4, 2, 16, 0], "rotation": 180, "texture": "#1"},
				"east": {"uv": [15, 0, 16, 2], "texture": "#1"},
				"south": {"uv": [4, 0, 16, 2], "texture": "#1"},
				"west": {"uv": [4, 0, 5, 2], "texture": "#1"},
				"up": {"uv": [16, 0, 4, 1], "rotation": 180, "texture": "#1"},
				"down": {"uv": [4, 1, 16, 2], "texture": "#1"}
			}
		},
		{
			"name": "stone_2",
			"from": [5, 13, 16],
			"to": [7, 16, 17],
			"rotation": {"angle": 45, "axis": "x", "origin": [8, 10, 8]},
			"faces": {
				"north": {"uv": [5, 5, 7, 2], "rotation": 180, "texture": "#1"},
				"east": {"uv": [6, 2, 7, 5], "texture": "#1"},
				"south": {"uv": [5, 2, 7, 5], "texture": "#1"},
				"west": {"uv": [5, 2, 6, 5], "texture": "#1"},
				"up": {"uv": [7, 2, 5, 3], "rotation": 180, "texture": "#1"},
				"down": {"uv": [5, 4, 7, 5], "texture": "#1"}
			}
		},
		{
			"name": "stone_3",
			"from": [7, 15, 16],
			"to": [12, 16, 17],
			"rotation": {"angle": 45, "axis": "x", "origin": [8, 10, 8]},
			"faces": {
				"north": {"uv": [7, 3, 12, 2], "rotation": 180, "texture": "#1"},
				"east": {"uv": [11, 2, 12, 3], "texture": "#1"},
				"south": {"uv": [7, 2, 12, 3], "texture": "#1"},
				"west": {"uv": [7, 2, 8, 3], "texture": "#1"},
				"up": {"uv": [12, 2, 7, 3], "rotation": 180, "texture": "#1"},
				"down": {"uv": [7, 2, 12, 3], "texture": "#1"}
			}
		},
		{
			"name": "stone_4",
			"from": [14, 2, 16],
			"to": [16, 16, 17],
			"rotation": {"angle": 45, "axis": "x", "origin": [8, 10, 8]},
			"faces": {
				"north": {"uv": [14, 16, 16, 2], "rotation": 180, "texture": "#1"},
				"east": {"uv": [15, 2, 16, 16], "texture": "#1"},
				"south": {"uv": [14, 2, 16, 16], "texture": "#1"},
				"west": {"uv": [14, 2, 15, 16], "texture": "#1"},
				"up": {"uv": [16, 2, 14, 3], "rotation": 180, "texture": "#1"},
				"down": {"uv": [14, 15, 16, 16], "texture": "#1"}
			}
		},
		{
			"name": "stone_5",
			"from": [4, 12, 16],
			"to": [5, 15, 17],
			"rotation": {"angle": 45, "axis": "x", "origin": [8, 10, 8]},
			"faces": {
				"north": {"uv": [4, 6, 5, 3], "rotation": 180, "texture": "#1"},
				"east": {"uv": [4, 3, 5, 6], "texture": "#1"},
				"south": {"uv": [4, 3, 5, 6], "texture": "#1"},
				"west": {"uv": [4, 3, 5, 6], "texture": "#1"},
				"up": {"uv": [5, 3, 4, 4], "rotation": 180, "texture": "#1"},
				"down": {"uv": [4, 5, 5, 6], "texture": "#1"}
			}
		},
		{
			"name": "stone_6",
			"from": [9, 13, 16],
			"to": [14, 15, 17],
			"rotation": {"angle": 45, "axis": "x", "origin": [8, 10, 8]},
			"faces": {
				"north": {"uv": [9, 5, 14, 3], "rotation": 180, "texture": "#1"},
				"east": {"uv": [13, 3, 14, 5], "texture": "#1"},
				"south": {"uv": [9, 3, 14, 5], "texture": "#1"},
				"west": {"uv": [9, 3, 10, 5], "texture": "#1"},
				"up": {"uv": [14, 3, 9, 4], "rotation": 180, "texture": "#1"},
				"down": {"uv": [9, 4, 14, 5], "texture": "#1"}
			}
		},
		{
			"name": "stone_7",
			"from": [7, 10, 16],
			"to": [9, 14, 17],
			"rotation": {"angle": 45, "axis": "x", "origin": [8, 10, 8]},
			"faces": {
				"north": {"uv": [7, 8, 9, 4], "rotation": 180, "texture": "#1"},
				"east": {"uv": [8, 4, 9, 8], "texture": "#1"},
				"south": {"uv": [7, 4, 9, 8], "texture": "#1"},
				"west": {"uv": [7, 4, 8, 8], "texture": "#1"},
				"up": {"uv": [9, 4, 7, 5], "rotation": 180, "texture": "#1"},
				"down": {"uv": [7, 7, 9, 8], "texture": "#1"}
			}
		},
		{
			"name": "stone_8",
			"from": [9, 10, 16],
			"to": [10, 13, 17],
			"rotation": {"angle": 45, "axis": "x", "origin": [8, 10, 8]},
			"faces": {
				"north": {"uv": [9, 8, 10, 5], "rotation": 180, "texture": "#1"},
				"east": {"uv": [9, 5, 10, 8], "texture": "#1"},
				"south": {"uv": [9, 5, 10, 8], "texture": "#1"},
				"west": {"uv": [9, 5, 10, 8], "texture": "#1"},
				"up": {"uv": [10, 5, 9, 6], "rotation": 180, "texture": "#1"},
				"down": {"uv": [9, 7, 10, 8], "texture": "#1"}
			}
		},
		{
			"name": "stone_9",
			"from": [12, 7, 16],
			"to": [14, 13, 17],
			"rotation": {"angle": 45, "axis": "x", "origin": [8, 10, 8]},
			"faces": {
				"north": {"uv": [12, 11, 14, 5], "rotation": 180, "texture": "#1"},
				"east": {"uv": [13, 5, 14, 11], "texture": "#1"},
				"south": {"uv": [12, 5, 14, 11], "texture": "#1"},
				"west": {"uv": [12, 5, 13, 11], "texture": "#1"},
				"up": {"uv": [14, 5, 12, 6], "rotation": 180, "texture": "#1"},
				"down": {"uv": [12, 10, 14, 11], "texture": "#1"}
			}
		},
		{
			"name": "stone_10",
			"from": [0, 10, 16],
			"to": [3, 12, 17],
			"rotation": {"angle": 45, "axis": "x", "origin": [8, 10, 8]},
			"faces": {
				"north": {"uv": [0, 8, 3, 6], "rotation": 180, "texture": "#1"},
				"east": {"uv": [2, 6, 3, 8], "texture": "#1"},
				"south": {"uv": [0, 6, 3, 8], "texture": "#1"},
				"west": {"uv": [0, 6, 1, 8], "texture": "#1"},
				"up": {"uv": [3, 6, 0, 7], "rotation": 180, "texture": "#1"},
				"down": {"uv": [0, 7, 3, 8], "texture": "#1"}
			}
		},
		{
			"name": "stone_11",
			"from": [3, 8, 16],
			"to": [7, 11, 17],
			"rotation": {"angle": 45, "axis": "x", "origin": [8, 10, 8]},
			"faces": {
				"north": {"uv": [3, 10, 7, 7], "rotation": 180, "texture": "#1"},
				"east": {"uv": [6, 7, 7, 10], "texture": "#1"},
				"south": {"uv": [3, 7, 7, 10], "texture": "#1"},
				"west": {"uv": [3, 7, 4, 10], "texture": "#1"},
				"up": {"uv": [7, 7, 3, 8], "rotation": 180, "texture": "#1"},
				"down": {"uv": [3, 9, 7, 10], "texture": "#1"}
			}
		},
		{
			"name": "stone_12",
			"from": [10, 9, 16],
			"to": [12, 11, 17],
			"rotation": {"angle": 45, "axis": "x", "origin": [8, 10, 8]},
			"faces": {
				"north": {"uv": [10, 9, 12, 7], "rotation": 180, "texture": "#1"},
				"east": {"uv": [11, 7, 12, 9], "texture": "#1"},
				"south": {"uv": [10, 7, 12, 9], "texture": "#1"},
				"west": {"uv": [10, 7, 11, 9], "texture": "#1"},
				"up": {"uv": [12, 7, 10, 8], "rotation": 180, "texture": "#1"},
				"down": {"uv": [10, 8, 12, 9], "texture": "#1"}
			}
		},
		{
			"name": "stone_13",
			"from": [0, 2, 16],
			"to": [1, 10, 17],
			"rotation": {"angle": 45, "axis": "x", "origin": [8, 10, 8]},
			"faces": {
				"north": {"uv": [0, 16, 1, 8], "rotation": 180, "texture": "#1"},
				"east": {"uv": [0, 8, 1, 16], "texture": "#1"},
				"south": {"uv": [0, 8, 1, 16], "texture": "#1"},
				"west": {"uv": [0, 8, 1, 16], "texture": "#1"},
				"up": {"uv": [1, 8, 0, 9], "rotation": 180, "texture": "#1"},
				"down": {"uv": [0, 15, 1, 16], "texture": "#1"}
			}
		},
		{
			"name": "stone_14",
			"from": [7, 9, 16],
			"to": [8, 10, 17],
			"rotation": {"angle": 45, "axis": "x", "origin": [8, 10, 8]},
			"faces": {
				"north": {"uv": [7, 9, 8, 8], "rotation": 180, "texture": "#1"},
				"east": {"uv": [7, 8, 8, 9], "texture": "#1"},
				"south": {"uv": [7, 8, 8, 9], "texture": "#1"},
				"west": {"uv": [7, 8, 8, 9], "texture": "#1"},
				"up": {"uv": [8, 8, 7, 9], "rotation": 180, "texture": "#1"},
				"down": {"uv": [7, 8, 8, 9], "texture": "#1"}
			}
		},
		{
			"name": "stone_15",
			"from": [1, 2, 16],
			"to": [3, 9, 17],
			"rotation": {"angle": 45, "axis": "x", "origin": [8, 10, 8]},
			"faces": {
				"north": {"uv": [1, 16, 3, 9], "rotation": 180, "texture": "#1"},
				"east": {"uv": [2, 9, 3, 16], "texture": "#1"},
				"south": {"uv": [1, 9, 3, 16], "texture": "#1"},
				"west": {"uv": [1, 9, 2, 16], "texture": "#1"},
				"up": {"uv": [3, 9, 1, 10], "rotation": 180, "texture": "#1"},
				"down": {"uv": [1, 15, 3, 16], "texture": "#1"}
			}
		},
		{
			"name": "stone_16",
			"from": [11, 7, 16],
			"to": [12, 9, 17],
			"rotation": {"angle": 45, "axis": "x", "origin": [8, 10, 8]},
			"faces": {
				"north": {"uv": [11, 11, 12, 9], "rotation": 180, "texture": "#1"},
				"east": {"uv": [11, 9, 12, 11], "texture": "#1"},
				"south": {"uv": [11, 9, 12, 11], "texture": "#1"},
				"west": {"uv": [11, 9, 12, 11], "texture": "#1"},
				"up": {"uv": [12, 9, 11, 10], "rotation": 180, "texture": "#1"},
				"down": {"uv": [11, 10, 12, 11], "texture": "#1"}
			}
		},
		{
			"name": "stone_17",
			"from": [3, 5, 16],
			"to": [4, 8, 17],
			"rotation": {"angle": 45, "axis": "x", "origin": [8, 10, 8]},
			"faces": {
				"north": {"uv": [3, 13, 4, 10], "rotation": 180, "texture": "#1"},
				"east": {"uv": [3, 10, 4, 13], "texture": "#1"},
				"south": {"uv": [3, 10, 4, 13], "texture": "#1"},
				"west": {"uv": [3, 10, 4, 13], "texture": "#1"},
				"up": {"uv": [4, 10, 3, 11], "rotation": 180, "texture": "#1"},
				"down": {"uv": [3, 12, 4, 13], "texture": "#1"}
			}
		},
		{
			"name": "stone_18",
			"from": [5, 2, 16],
			"to": [8, 8, 17],
			"rotation": {"angle": 45, "axis": "x", "origin": [8, 10, 8]},
			"faces": {
				"north": {"uv": [5, 16, 8, 10], "rotation": 180, "texture": "#1"},
				"east": {"uv": [7, 10, 8, 16], "texture": "#1"},
				"south": {"uv": [5, 10, 8, 16], "texture": "#1"},
				"west": {"uv": [5, 10, 6, 16], "texture": "#1"},
				"up": {"uv": [8, 10, 5, 11], "rotation": 180, "texture": "#1"},
				"down": {"uv": [5, 15, 8, 16], "texture": "#1"}
			}
		},
		{
			"name": "stone_19",
			"from": [8, 6, 16],
			"to": [11, 8, 17],
			"rotation": {"angle": 45, "axis": "x", "origin": [8, 10, 8]},
			"faces": {
				"north": {"uv": [8, 12, 11, 10], "rotation": 180, "texture": "#1"},
				"east": {"uv": [10, 10, 11, 12], "texture": "#1"},
				"south": {"uv": [8, 10, 11, 12], "texture": "#1"},
				"west": {"uv": [8, 10, 9, 12], "texture": "#1"},
				"up": {"uv": [11, 10, 8, 11], "rotation": 180, "texture": "#1"},
				"down": {"uv": [8, 11, 11, 12], "texture": "#1"}
			}
		},
		{
			"name": "stone_20",
			"from": [4, 2, 16],
			"to": [5, 7, 17],
			"rotation": {"angle": 45, "axis": "x", "origin": [8, 10, 8]},
			"faces": {
				"north": {"uv": [4, 16, 5, 11], "rotation": 180, "texture": "#1"},
				"east": {"uv": [4, 11, 5, 16], "texture": "#1"},
				"south": {"uv": [4, 11, 5, 16], "texture": "#1"},
				"west": {"uv": [4, 11, 5, 16], "texture": "#1"},
				"up": {"uv": [5, 11, 4, 12], "rotation": 180, "texture": "#1"},
				"down": {"uv": [4, 15, 5, 16], "texture": "#1"}
			}
		},
		{
			"name": "stone_21",
			"from": [13, 6, 16],
			"to": [14, 7, 17],
			"rotation": {"angle": 45, "axis": "x", "origin": [8, 10, 8]},
			"faces": {
				"north": {"uv": [13, 12, 14, 11], "rotation": 180, "texture": "#1"},
				"east": {"uv": [13, 11, 14, 12], "texture": "#1"},
				"south": {"uv": [13, 11, 14, 12], "texture": "#1"},
				"west": {"uv": [13, 11, 14, 12], "texture": "#1"},
				"up": {"uv": [14, 11, 13, 12], "rotation": 180, "texture": "#1"},
				"down": {"uv": [13, 11, 14, 12], "texture": "#1"}
			}
		},
		{
			"name": "stone_22",
			"from": [8, 2, 16],
			"to": [9, 5, 17],
			"rotation": {"angle": 45, "axis": "x", "origin": [8, 10, 8]},
			"faces": {
				"north": {"uv": [8, 16, 9, 13], "rotation": 180, "texture": "#1"},
				"east": {"uv": [8, 13, 9, 16], "texture": "#1"},
				"south": {"uv": [8, 13, 9, 16], "texture": "#1"},
				"west": {"uv": [8, 13, 9, 16], "texture": "#1"},
				"up": {"uv": [9, 13, 8, 14], "rotation": 180, "texture": "#1"},
				"down": {"uv": [8, 15, 9, 16], "texture": "#1"}
			}
		},
		{
			"name": "stone_23",
			"from": [11, 2, 16],
			"to": [14, 5, 17],
			"rotation": {"angle": 45, "axis": "x", "origin": [8, 10, 8]},
			"faces": {
				"north": {"uv": [11, 16, 14, 13], "rotation": 180, "texture": "#1"},
				"east": {"uv": [13, 13, 14, 16], "texture": "#1"},
				"south": {"uv": [11, 13, 14, 16], "texture": "#1"},
				"west": {"uv": [11, 13, 12, 16], "texture": "#1"},
				"up": {"uv": [14, 13, 11, 14], "rotation": 180, "texture": "#1"},
				"down": {"uv": [11, 15, 14, 16], "texture": "#1"}
			}
		},
		{
			"name": "stone_24",
			"from": [9, 2, 16],
			"to": [11, 4, 17],
			"rotation": {"angle": 45, "axis": "x", "origin": [8, 10, 8]},
			"faces": {
				"north": {"uv": [9, 16, 11, 14], "rotation": 180, "texture": "#1"},
				"east": {"uv": [10, 14, 11, 16], "texture": "#1"},
				"south": {"uv": [9, 14, 11, 16], "texture": "#1"},
				"west": {"uv": [9, 14, 10, 16], "texture": "#1"},
				"up": {"uv": [11, 14, 9, 15], "rotation": 180, "texture": "#1"},
				"down": {"uv": [9, 15, 11, 16], "texture": "#1"}
			}
		},
		{
			"name": "stone_25",
			"from": [3, 2, 16],
			"to": [4, 3, 17],
			"rotation": {"angle": 45, "axis": "x", "origin": [8, 10, 8]},
			"faces": {
				"north": {"uv": [3, 16, 4, 15], "rotation": 180, "texture": "#1"},
				"east": {"uv": [3, 15, 4, 16], "texture": "#1"},
				"south": {"uv": [3, 15, 4, 16], "texture": "#1"},
				"west": {"uv": [3, 15, 4, 16], "texture": "#1"},
				"up": {"uv": [4, 15, 3, 16], "rotation": 180, "texture": "#1"},
				"down": {"uv": [3, 15, 4, 16], "texture": "#1"}
			}
		},
		{
			"name": "diamond",
			"from": [0, 2, 0],
			"to": [16, 18, 16],
			"rotation": {"angle": 45, "axis": "x", "origin": [8, 10, 8]},
			"faces": {
				"north": {"uv": [0, 0, 16, 16], "texture": "#0"},
				"east": {"uv": [0, 0, 16, 16], "texture": "#0"},
				"south": {"uv": [0, 0, 16, 16], "texture": "#0"},
				"west": {"uv": [0, 0, 16, 16], "texture": "#0"},
				"up": {"uv": [16, 16, 0, 0], "texture": "#0"},
				"down": {"uv": [16, 0, 0, 16], "texture": "#0"}
			}
		}
	],
	"gui_light": "front",
	"display": {
		"thirdperson_righthand": {
			"translation": [0, 6.5, 1.5],
			"scale": [0.3, 0.3, 0.3]
		},
		"thirdperson_lefthand": {
			"translation": [0, 6.5, 1.5],
			"scale": [0.3, 0.3, 0.3]
		},
		"firstperson_righthand": {
			"translation": [0, 2.75, 0],
			"scale": [0.2, 0.2, 0.2]
		},
		"firstperson_lefthand": {
			"translation": [0, 2.75, 0],
			"scale": [0.2, 0.2, 0.2]
		},
		"ground": {
			"translation": [0, 4.5, 0],
			"scale": [0.5, 0.5, 0.5]
		},
		"gui": {
			"rotation": [77.08, -50.51, 25.26],
			"translation": [0.5, 0, 0],
			"scale": [0.5, 0.5, 0.5]
		},
		"head": {
			"rotation": [0, -45, 0],
			"translation": [0, 11, 0],
			"scale": [0.5, 0.5, 0.5]
		},
		"fixed": {
			"rotation": [-90, -45, 0],
			"translation": [0, 0, -47.75],
			"scale": [2, 2, 2]
		}
	},
	"groups": [
		{
			"name": "base",
			"origin": [8, 0, 6],
			"color": 0,
			"children": [0, 1, 2, 3, 4, 5, 6, 7, 8]
		},
		{
			"name": "stone",
			"origin": [8, 8, 8],
			"color": 0,
			"children": [9, 10, 11, 12, 13, 14, 15, 16, 17, 18, 19, 20, 21, 22, 23, 24, 25, 26, 27, 28, 29, 30, 31, 32, 33, 34, 35, 36, 37, 38, 39, 40, 41, 42, 43, 44, 45, 46, 47, 48, 49, 50, 51, 52, 53, 54, 55, 56, 57, 58, 59, 60, 61, 62, 63, 64, 65, 66, 67, 68, 69, 70, 71, 72, 73, 74, 75, 76, 77, 78, 79, 80, 81, 82, 83, 84, 85, 86, 87, 88, 89, 90, 91, 92, 93, 94, 95, 96, 97, 98, 99, 100, 101, 102, 103, 104, 105, 106, 107, 108, 109, 110, 111, 112, 113, 114, 115, 116, 117, 118, 119, 120, 121, 122, 123, 124, 125, 126, 127, 128, 129, 130, 131, 132, 133, 134, 135, 136, 137, 138, 139, 140, 141, 142, 143, 144, 145, 146, 147, 148, 149, 150, 151, 152, 153, 154, 155, 156, 157, 158, 159, 160, 161, 162, 163, 164, 165]
		}
	]
}