{
	"credit": "Made with Blockbench",
	"texture_size": [32, 32],
	"textures": {
		"0": "custom/glasses/glasses",
		"particle": "custom/glasses/glasses"
	},
	"elements": [
		{
			"from": [7, 3, 0],
			"to": [9, 4, 1],
			"faces": {
				"north": {"uv": [5.5, 8, 6.5, 8.5], "texture": "#0"},
				"east": {"uv": [2, 8.5, 2.5, 9], "texture": "#0"},
				"south": {"uv": [6.5, 8, 7.5, 8.5], "texture": "#0"},
				"west": {"uv": [2.5, 8.5, 3, 9], "texture": "#0"},
				"up": {"uv": [8.5, 8.5, 7.5, 8], "texture": "#0"},
				"down": {"uv": [2, 8.5, 1, 9], "texture": "#0"}
			}
		},
		{
			"from": [6, 1, 0],
			"to": [7, 6, 1],
			"faces": {
				"north": {"uv": [1, 5, 1.5, 7.5], "texture": "#0"},
				"east": {"uv": [1.5, 5, 2, 7.5], "texture": "#0"},
				"south": {"uv": [2, 5, 2.5, 7.5], "texture": "#0"},
				"west": {"uv": [5, 2, 5.5, 4.5], "texture": "#0"},
				"up": {"uv": [9, 8.5, 8.5, 8], "texture": "#0"},
				"down": {"uv": [1.5, 9, 1, 9.5], "texture": "#0"}
			}
		},
		{
			"from": [2, 6, 0],
			"to": [6, 7, 1],
			"faces": {
				"north": {"uv": [4.5, 7, 6.5, 7.5], "texture": "#0"},
				"east": {"uv": [1.5, 9, 2, 9.5], "texture": "#0"},
				"south": {"uv": [7, 4.5, 9, 5], "texture": "#0"},
				"west": {"uv": [2, 9, 2.5, 9.5], "texture": "#0"},
				"up": {"uv": [9, 5.5, 7, 5], "texture": "#0"},
				"down": {"uv": [9, 5.5, 7, 6], "texture": "#0"}
			}
		},
		{
			"from": [2, 0, 0],
			"to": [6, 1, 1],
			"faces": {
				"north": {"uv": [7, 6, 9, 6.5], "texture": "#0"},
				"east": {"uv": [2.5, 9, 3, 9.5], "texture": "#0"},
				"south": {"uv": [6.5, 7, 8.5, 7.5], "texture": "#0"},
				"west": {"uv": [9, 4.5, 9.5, 5], "texture": "#0"},
				"up": {"uv": [9, 7, 7, 6.5], "texture": "#0"},
				"down": {"uv": [3, 7.5, 1, 8], "texture": "#0"}
			}
		},
		{
			"from": [10, 6, 0],
			"to": [14, 7, 1],
			"faces": {
				"north": {"uv": [7.5, 2, 9.5, 2.5], "texture": "#0"},
				"east": {"uv": [9, 5, 9.5, 5.5], "texture": "#0"},
				"south": {"uv": [7.5, 2.5, 9.5, 3], "texture": "#0"},
				"west": {"uv": [5.5, 9, 6, 9.5], "texture": "#0"},
				"up": {"uv": [9.5, 3.5, 7.5, 3], "texture": "#0"},
				"down": {"uv": [9.5, 3.5, 7.5, 4], "texture": "#0"}
			}
		},
		{
			"from": [10, 0, 0],
			"to": [14, 1, 1],
			"faces": {
				"north": {"uv": [7.5, 4, 9.5, 4.5], "texture": "#0"},
				"east": {"uv": [9, 5.5, 9.5, 6], "texture": "#0"},
				"south": {"uv": [4.5, 7.5, 6.5, 8], "texture": "#0"},
				"west": {"uv": [6, 9, 6.5, 9.5], "texture": "#0"},
				"up": {"uv": [8.5, 8, 6.5, 7.5], "texture": "#0"},
				"down": {"uv": [3, 8, 1, 8.5], "texture": "#0"}
			}
		},
		{
			"from": [10, 1, 0.5],
			"to": [14, 6, 0.75],
			"faces": {
				"north": {"uv": [0, 0, 2, 2.5], "texture": "#0"},
				"east": {"uv": [3, 7.5, 3.25, 10], "texture": "#0"},
				"south": {"uv": [2, 0, 4, 2.5], "texture": "#0"},
				"west": {"uv": [3.5, 7.5, 3.75, 10], "texture": "#0"},
				"up": {"uv": [7.5, 8.75, 5.5, 8.5], "texture": "#0"},
				"down": {"uv": [10.5, 7, 8.5, 7.25], "texture": "#0"}
			}
		},
		{
			"from": [2, 1, 0.5],
			"to": [6, 6, 0.75],
			"faces": {
				"north": {"uv": [0, 2.5, 2, 5], "texture": "#0"},
				"east": {"uv": [4.5, 8, 4.75, 10.5], "texture": "#0"},
				"south": {"uv": [2, 2.5, 4, 5], "texture": "#0"},
				"west": {"uv": [5, 8, 5.25, 10.5], "texture": "#0"},
				"up": {"uv": [9.5, 8.75, 7.5, 8.5], "texture": "#0"},
				"down": {"uv": [10.5, 7.5, 8.5, 7.75], "texture": "#0"}
			}
		},
		{
			"from": [1, 1, 0],
			"to": [2, 6, 1],
			"faces": {
				"north": {"uv": [2.5, 5, 3, 7.5], "texture": "#0"},
				"east": {"uv": [3, 5, 3.5, 7.5], "texture": "#0"},
				"south": {"uv": [3.5, 5, 4, 7.5], "texture": "#0"},
				"west": {"uv": [5, 4.5, 5.5, 7], "texture": "#0"},
				"up": {"uv": [9.5, 6.5, 9, 6], "texture": "#0"},
				"down": {"uv": [7, 9, 6.5, 9.5], "texture": "#0"}
			}
		},
		{
			"from": [0, 3, 0],
			"to": [1, 4, 12],
			"faces": {
				"north": {"uv": [9, 6.5, 9.5, 7], "texture": "#0"},
				"east": {"uv": [4, 0, 10, 0.5], "texture": "#0"},
				"south": {"uv": [7, 9, 7.5, 9.5], "texture": "#0"},
				"west": {"uv": [4, 0.5, 10, 1], "texture": "#0"},
				"up": {"uv": [4.5, 7, 4, 1], "texture": "#0"},
				"down": {"uv": [5, 1, 4.5, 7], "texture": "#0"}
			}
		},
		{
			"from": [15, 3, 0],
			"to": [16, 4, 12],
			"faces": {
				"north": {"uv": [7.5, 9, 8, 9.5], "texture": "#0"},
				"east": {"uv": [5, 1, 11, 1.5], "texture": "#0"},
				"south": {"uv": [8, 9, 8.5, 9.5], "texture": "#0"},
				"west": {"uv": [5, 1.5, 11, 2], "texture": "#0"},
				"up": {"uv": [0.5, 11, 0, 5], "texture": "#0"},
				"down": {"uv": [1, 5, 0.5, 11], "texture": "#0"}
			}
		},
		{
			"from": [14, 1, 0],
			"to": [15, 6, 1],
			"faces": {
				"north": {"uv": [5.5, 2, 6, 4.5], "texture": "#0"},
				"east": {"uv": [5.5, 4.5, 6, 7], "texture": "#0"},
				"south": {"uv": [6, 2, 6.5, 4.5], "texture": "#0"},
				"west": {"uv": [6, 4.5, 6.5, 7], "texture": "#0"},
				"up": {"uv": [9.5, 8.5, 9, 8], "texture": "#0"},
				"down": {"uv": [9, 9, 8.5, 9.5], "texture": "#0"}
			}
		},
		{
			"from": [9, 1, 0],
			"to": [10, 6, 1],
			"faces": {
				"north": {"uv": [6.5, 2, 7, 4.5], "texture": "#0"},
				"east": {"uv": [6.5, 4.5, 7, 7], "texture": "#0"},
				"south": {"uv": [7, 2, 7.5, 4.5], "texture": "#0"},
				"west": {"uv": [4, 7, 4.5, 9.5], "texture": "#0"},
				"up": {"uv": [9.5, 9.5, 9, 9], "texture": "#0"},
				"down": {"uv": [1.5, 9.5, 1, 10], "texture": "#0"}
			}
		}
	],
	"display": {
		"thirdperson_righthand": {
			"rotation": [10.95, 18.44, -11.77],
			"translation": [2.75, 0, -2],
			"scale": [0.5, 0.5, 0.5]
		},
		"thirdperson_lefthand": {
			"rotation": [10.95, 18.44, 11.77],
			"translation": [2.75, 1.75, -2],
			"scale": [0.5, 0.5, 0.5]
		},
		"firstperson_righthand": {
			"translation": [0, 2.25, 0],
			"scale": [0.5, 0.5, 0.5]
		},
		"firstperson_lefthand": {
			"translation": [0, 2.25, 0],
			"scale": [0.5, 0.5, 0.5]
		},
		"ground": {
			"translation": [0, 6.25, 0],
			"scale": [0.7, 0.7, 0.7]
		},
		"gui": {
			"rotation": [-160.94, -25.9, 173.61],
			"translation": [-1, 3.75, 0],
			"scale": [0.7, 0.7, 0.7]
		},
		"head": {
			"translation": [0, 3.75, -0.25],
			"scale": [0.85, 0.85, 0.85]
		},
		"fixed": {
			"rotation": [-75, 0, 0],
			"translation": [0, 4, -5.75]
		}
	},
	"groups": [
		{
			"name": "glasses",
			"origin": [0, 0, 0],
			"color": 0,
			"children": [0, 1, 2, 3, 4, 5, 6, 7, 8, 9, 10, 11, 12]
		}
	]
}