{
	"display": {
		"icon": {
			"item": "minecraft:player_head",
			"nbt": "{SkullOwner:{Id:[I;0,0,0,0],Properties:{textures:[{Value:'eyJ0ZXh0dXJlcyI6eyJTS0lOIjp7InVybCI6Imh0dHA6Ly90ZXh0dXJlcy5taW5lY3JhZnQubmV0L3RleHR1cmUvN2E1OWJiMGE3YTMyOTY1YjNkOTBkOGVhZmE4OTlkMTgzNWY0MjQ1MDllYWRkNGU2YjcwOWFkYTUwYjljZiJ9fX0='}]}}}"
		},
		"title": "Anti Enderman Grief",
		"description": ["",{"text":"Prevents endermen from picking up blocks.","color":"gold"}],
		"show_toast": false,
		"announce_to_chat": false
	},
    "parent": "nutil:vanilla_tweaks",
	"criteria": {
		"tick": {
			"trigger": "minecraft:tick"
		}
	}
}
