{
	"display": {
		"icon": {
			"item": "minecraft:player_head",
			"nbt": "{SkullOwner:{Id:[I;0,0,0,0],Properties:{textures:[{Value:'eyJ0ZXh0dXJlcyI6eyJTS0lOIjp7InVybCI6Imh0dHA6Ly90ZXh0dXJlcy5taW5lY3JhZnQubmV0L3RleHR1cmUvNWU3MzMwYzdkNWNkOGEwYTU1YWI5ZTk1MzIxNTM1YWM3YWUzMGZlODM3YzM3ZWE5ZTUzYmVhN2JhMmRlODZiIn19fQ=='}]}}}"
		},
		"title": "More Mob Heads",
		"description": ["",{"text":"Adds a chance to receive a mob head upon killing it.","color":"gold"}],
		"show_toast": false,
		"announce_to_chat": false
	},
    "parent": "nutil:vanilla_tweaks/double_shulker_shells",
	"criteria": {
		"tick": {
			"trigger": "minecraft:tick"
		}
	}
}
