{
	"display": {
		"icon": {
			"item": "minecraft:player_head",
			"nbt": "{SkullOwner:{Id:[I;-867627696,-574141461,-1134726710,-2021606062],Properties:{textures:[{Value:'eyJ0ZXh0dXJlcyI6eyJTS0lOIjp7InVybCI6Imh0dHA6Ly90ZXh0dXJlcy5taW5lY3JhZnQubmV0L3RleHR1cmUvYTk2ZGY0NGUwMzFhMjE3YmQyYjI3YjM3MTBlZTQyNjQzN2RlYTYzNjdlYzhmNDEyMmI2MGYyMzJjOGM2ZTNkYSJ9fX0='}]}}}"
		},
		"title": "Nomad Utils",
		"frame": "goal",
		"description": ["",{"text":"Custom Data Pack That Have Been Created Or Modified By Team Nomad\n","color":"gold"},{"text":"nomadnation.info","color":"yellow"}],
		"background": "minecraft:textures/block/black_concrete.png",
		"show_toast": false,
		"announce_to_chat": false
	},
	"parent": "nutil:root",
	"criteria": {
		"tick": {
			"trigger": "minecraft:tick"
		}
	}
}
