{
	"display": {
		"icon": {
			"item": "minecraft:player_head",
			"nbt": "{SkullOwner:{Id:[I;0,0,0,0],Properties:{textures:[{Value:'eyJ0ZXh0dXJlcyI6eyJTS0lOIjp7InVybCI6Imh0dHA6Ly90ZXh0dXJlcy5taW5lY3JhZnQubmV0L3RleHR1cmUvMTg1YzMzNWM1MjVjZGFkY2Q4MmU4MDA4MzU1N2M2OTYzMGRmYjlhMWVkZjU5OTc0YzdmNjU4ZGI1MWEwYTFkOSJ9fX0='}]}}}"
		},
		"title": "Vanilla Tweaks",
		"frame": "goal",
		"description": ["",{"text":"All loaded Vanilla Tweaks data packs\n","color":"gold"},{"text":"vanillatweaks.net","color":"yellow"}],
		"background": "minecraft:textures/block/black_concrete.png",
		"show_toast": false,
		"announce_to_chat": false
	},
	"parent": "nutil:root",
	"criteria": {
		"tick": {
			"trigger": "minecraft:tick"
		}
	}
}
